name,type,price_dk,season_availability,weight_g,length_cm,width_cm,height_cm,cost_dk,year,freight_charge
Aborre,fish,188.32,Spring,706.4,128.9,15.3,10.4,133.03,2021,2.6
Blåmusling,shellfish,202.72,Spring,2485.0,54.8,24.1,19.4,503.76,2021,1.5
Line_blåmusling,shellfish,73.92,Summer,3761.7,33.8,17.2,4.1,278.06,2021,2.07
Canadisk_hummer,shellfish,265.14,Spring,2639.3,57.7,24.8,6.0,699.78,2021,4.2
Dansk_10-armet_blæksprutte,fish,169.26,Spring,2812.6,95.1,35.9,29.5,476.06,2021,3.32
Fjordreje,shellfish,106.07,Autumn,3427.9,73.9,32.0,24.4,363.6,2021,4.44
Fjæsing,fish,267.19,All year,3283.7,97.6,20.3,15.2,877.37,2021,4.29
Flodkrebs,shellfish,298.84,Winter,4265.8,36.0,35.5,4.3,1274.79,2021,4.92
Gedde,fish,239.29,Summer,1875.9,72.4,28.6,25.3,448.88,2021,2.97
Havkat,fish,78.32,Summer,1562.9,83.9,21.5,22.1,122.41,2021,4.21
Havtaske,fish,163.54,Spring,250.0,135.0,17.4,14.3,40.88,2021,1.55
Helleflynder,fish,76.14,Spring,223.7,65.5,17.3,2.6,17.03,2021,2.0
Helt,fish,124.34,Autumn,223.6,149.4,34.8,19.9,27.8,2021,4.85
Hornfisk,fish,239.62,Spring,539.6,35.7,2.4,6.9,129.3,2021,4.09
Hvilling,fish,126.49,Autumn,2111.4,11.7,4.9,23.1,267.07,2021,2.54
Ising,fish,95.36,Summer,624.7,45.2,9.4,13.8,59.57,2021,5.01
Jomfruhummer,shellfish,163.12,All year,1904.7,22.6,7.9,29.0,310.69,2021,3.32
Knude,fish,127.42,Summer,1665.5,138.4,4.7,13.4,212.22,2021,1.36
Knurhane,fish,165.5,Winter,2734.6,130.9,39.0,3.2,452.58,2021,2.79
Kuller,fish,35.01,Winter,820.9,31.3,6.5,13.0,28.74,2021,2.12
Kulmule,fish,37.6,All year,3238.9,98.7,39.4,15.2,121.78,2021,2.18
Laks_vild,fish,183.91,Spring,3462.0,17.3,6.9,9.1,636.7,2021,2.18
Lange,fish,292.86,All year,4358.1,92.0,25.2,25.7,1276.31,2021,1.79
Levende_norsk_kongekrabbe,fish,122.82,All year,4701.8,69.9,34.2,20.1,577.48,2021,5.22
Lyssej,fish,207.01,Spring,4920.4,145.5,4.8,17.2,1018.57,2021,1.36
Makrel,fish,115.02,Summer,1331.1,48.8,4.9,19.5,153.1,2021,2.63
Multe,fish,215.19,Summer,2072.6,63.2,19.7,20.3,446.0,2021,2.95
Mørksej,fish,69.96,Spring,2534.3,82.5,18.8,27.2,177.3,2021,4.77
Nordsøreje,shellfish,218.03,Spring,4142.4,10.9,7.3,2.1,903.17,2021,3.32
Norske_kammusling_i_skal,shellfish,112.71,Spring,467.9,82.1,9.6,5.9,52.74,2021,2.57
Pighvar,fish,242.91,Winter,3035.4,23.5,34.1,17.9,737.33,2021,4.27
Rødspætte,fish,270.68,Autumn,2115.2,72.4,8.7,27.5,572.54,2021,2.19
Rødtunge,fish,274.63,All year,3812.9,132.1,6.7,23.7,1047.14,2021,3.36
Sandart,fish,202.98,Summer,3205.3,26.2,8.5,11.2,650.61,2021,1.45
Signalkrebs,shellfish,145.28,All year,978.0,130.3,27.7,24.3,142.08,2021,2.95
Sild,fish,127.56,Winter,441.4,132.4,7.4,28.6,56.3,2021,2.89
Skrubbe,fish,169.09,All year,2719.5,13.2,13.5,9.7,459.84,2021,1.9
Skærising,fish,95.42,Spring,4765.8,14.7,25.0,1.2,454.75,2021,4.38
Slethvar,fish,137.67,Summer,3248.8,67.6,23.7,18.3,447.26,2021,2.85
Smelt,fish,159.56,Autumn,4095.4,25.7,23.9,28.7,653.46,2021,2.7
Sort_hummer,shellfish,69.62,Winter,1886.3,79.5,2.6,10.6,131.32,2021,3.99
Stenbider,fish,155.69,Winter,1444.7,136.0,9.8,19.2,224.93,2021,4.35
Torsk,fish,151.6,Autumn,910.6,57.2,29.3,10.0,138.05,2021,2.03
Ørred,fish,82.83,Spring,2872.1,13.3,33.6,3.6,237.9,2021,3.72
Østers,fish,201.54,Spring,2064.5,136.5,33.6,16.8,416.08,2021,4.67
Aborre,fish,272.23,Winter,1485.6,141.5,4.4,24.0,404.42,2022,1.4
Blåmusling,shellfish,236.46,Autumn,3885.4,125.6,16.9,10.9,918.74,2022,1.7
Line_blåmusling,shellfish,226.64,Spring,2607.0,133.6,9.4,21.8,590.85,2022,3.31
Canadisk_hummer,shellfish,242.04,Spring,2021.6,34.6,20.5,23.2,489.31,2022,1.33
Dansk_10-armet_blæksprutte,fish,42.84,Summer,1995.1,20.3,36.6,15.0,85.47,2022,5.09
Fjordreje,shellfish,214.85,Winter,1026.0,104.5,3.3,10.6,220.44,2022,3.67
Fjæsing,fish,229.59,Summer,506.1,100.7,31.5,9.5,116.2,2022,4.32
Flodkrebs,shellfish,201.6,Summer,2101.0,88.6,2.8,20.1,423.56,2022,4.06
Gedde,fish,191.47,Winter,2327.1,117.6,21.6,19.6,445.57,2022,4.65
Havkat,fish,290.16,Summer,1057.1,36.3,29.8,23.1,306.73,2022,1.31
Havtaske,fish,113.21,Winter,2525.2,55.4,10.7,12.5,285.88,2022,4.99
Helleflynder,fish,135.27,Summer,4514.0,102.9,34.2,28.0,610.61,2022,3.6
Helt,fish,85.38,Summer,1294.5,40.1,38.1,9.0,110.52,2022,2.71
Hornfisk,fish,267.86,Spring,632.8,108.3,34.1,21.1,169.5,2022,4.73
Hvilling,fish,277.19,Spring,3855.6,22.8,3.1,20.6,1068.73,2022,3.84
Ising,fish,147.1,Autumn,2508.1,57.9,19.3,14.7,368.94,2022,2.69
Jomfruhummer,shellfish,249.16,Summer,689.4,31.0,13.5,7.8,171.77,2022,3.12
Knude,fish,242.62,Autumn,592.8,126.8,9.7,18.7,143.83,2022,3.06
Knurhane,fish,275.57,Summer,1065.0,81.0,20.4,6.3,293.48,2022,1.65
Kuller,fish,242.21,Autumn,4719.4,80.2,5.7,1.3,1143.09,2022,5.18
Kulmule,fish,114.97,Summer,4476.0,83.4,38.6,16.9,514.61,2022,3.98
Laks_vild,fish,102.34,Spring,1858.8,122.3,25.4,16.1,190.23,2022,4.39
Lange,fish,200.38,Summer,2977.2,127.2,4.5,1.6,596.57,2022,2.46
Levende_norsk_kongekrabbe,fish,176.85,Spring,172.3,19.1,29.9,23.1,30.47,2022,2.1
Lyssej,fish,79.46,Spring,1975.4,42.6,37.1,17.1,156.97,2022,3.26
Makrel,fish,169.2,Summer,459.3,23.9,34.5,14.5,77.71,2022,2.86
Multe,fish,260.56,Winter,2017.2,133.1,3.9,18.1,525.6,2022,3.52
Mørksej,fish,34.7,Spring,4139.8,100.6,16.0,29.0,143.65,2022,1.75
Nordsøreje,shellfish,182.37,Spring,1547.1,60.9,19.4,9.5,282.14,2022,3.65
Norske_kammusling_i_skal,shellfish,145.53,Spring,4519.1,134.2,10.6,8.5,657.66,2022,4.99
Pighvar,fish,39.66,Spring,2491.2,39.4,26.8,15.6,98.8,2022,3.81
Rødspætte,fish,263.25,Spring,3578.0,101.4,28.7,17.2,941.91,2022,2.83
Rødtunge,fish,114.41,Winter,1095.7,129.5,21.5,12.6,125.36,2022,4.15
Sandart,fish,102.23,Autumn,3157.6,53.2,5.3,12.1,322.8,2022,3.94
Signalkrebs,shellfish,145.1,Autumn,3927.7,91.0,24.9,23.1,569.91,2022,2.53
Sild,fish,112.93,All year,401.2,28.0,19.4,12.2,45.31,2022,4.55
Skrubbe,fish,79.21,Autumn,2494.2,128.8,35.8,13.6,197.57,2022,2.11
Skærising,fish,59.01,Winter,4993.0,40.0,39.9,9.4,294.64,2022,4.68
Slethvar,fish,126.0,Summer,3064.0,24.2,32.3,29.2,386.06,2022,4.04
Smelt,fish,82.22,Autumn,2521.7,36.4,8.6,4.2,207.33,2022,4.94
Sort_hummer,shellfish,183.99,Spring,4400.0,107.6,5.6,20.9,809.56,2022,1.38
Stenbider,fish,263.25,Winter,1609.0,14.5,6.7,17.6,423.57,2022,2.02
Torsk,fish,221.96,Winter,4120.2,137.5,3.7,5.8,914.52,2022,2.43
Ørred,fish,197.14,Autumn,3103.0,45.4,36.1,25.5,611.73,2022,5.02
Østers,fish,289.56,Winter,4325.9,88.2,11.3,11.0,1252.61,2022,2.02
Aborre,fish,121.46,Spring,4094.5,80.7,11.3,19.8,497.32,2023,2.96
Blåmusling,shellfish,171.03,Winter,3665.7,120.6,28.1,25.6,626.94,2023,3.52
Line_blåmusling,shellfish,40.62,Autumn,1012.9,139.7,6.8,11.7,41.14,2023,1.87
Canadisk_hummer,shellfish,293.69,All year,4483.7,59.1,30.4,8.4,1316.82,2023,3.62
Dansk_10-armet_blæksprutte,fish,142.95,Summer,4738.3,66.5,28.7,13.5,677.34,2023,1.84
Fjordreje,shellfish,100.18,Winter,460.9,121.9,19.8,7.0,46.17,2023,3.45
Fjæsing,fish,152.4,Winter,1067.0,131.0,23.7,15.6,162.61,2023,3.25
Flodkrebs,shellfish,284.07,Autumn,4481.6,95.2,32.2,24.7,1273.09,2023,1.48
Gedde,fish,275.33,Spring,1791.6,36.6,27.5,10.6,493.28,2023,4.11
Havkat,fish,224.22,Spring,3269.7,16.7,20.5,30.0,733.13,2023,1.41
Havtaske,fish,217.7,Spring,4393.3,117.9,21.5,6.7,956.42,2023,4.45
Helleflynder,fish,65.37,All year,3638.8,10.4,11.9,29.2,237.87,2023,1.57
Helt,fish,35.2,Summer,1039.0,121.1,27.9,22.1,36.57,2023,4.63
Hornfisk,fish,215.86,Spring,1256.5,75.4,27.8,3.3,271.23,2023,2.06
Hvilling,fish,119.09,Winter,1742.2,101.9,28.9,26.2,207.48,2023,2.66
Ising,fish,243.28,Summer,1040.8,113.7,3.9,3.3,253.21,2023,4.52
Jomfruhummer,shellfish,101.88,Spring,816.1,113.0,16.6,21.8,83.14,2023,1.63
Knude,fish,154.97,All year,3904.9,97.4,14.8,20.2,605.14,2023,4.6
Knurhane,fish,277.5,Winter,2404.9,56.7,22.4,8.8,667.36,2023,3.59
Kuller,fish,176.0,Summer,2189.4,23.2,8.5,6.0,385.33,2023,2.45
Kulmule,fish,194.72,Winter,4040.2,145.3,20.6,17.8,786.71,2023,2.14
Laks_vild,fish,268.69,Autumn,4297.2,142.2,11.6,9.8,1154.61,2023,1.58
Lange,fish,241.67,Autumn,879.5,94.3,11.2,21.5,212.55,2023,3.83
Levende_norsk_kongekrabbe,fish,94.08,Autumn,3772.7,39.8,9.2,3.9,354.94,2023,1.87
Lyssej,fish,94.7,Spring,3262.4,139.5,5.8,8.3,308.95,2023,2.44
Makrel,fish,206.4,All year,4783.3,62.4,22.2,22.9,987.27,2023,4.4
Multe,fish,143.13,Spring,301.7,39.5,14.1,18.7,43.18,2023,1.35
Mørksej,fish,180.39,Autumn,3584.7,88.6,28.8,26.2,646.64,2023,4.6
Nordsøreje,shellfish,94.92,Spring,2366.4,95.9,27.0,10.3,224.62,2023,5.1
Norske_kammusling_i_skal,shellfish,120.96,Summer,3848.8,148.0,29.2,2.0,465.55,2023,3.11
Pighvar,fish,174.09,Spring,4329.0,54.2,9.9,25.5,753.64,2023,3.67
Rødspætte,fish,148.09,Summer,2083.6,77.0,2.2,20.5,308.56,2023,4.88
Rødtunge,fish,115.55,Autumn,1785.2,71.1,3.9,24.0,206.28,2023,4.04
Sandart,fish,240.19,Winter,1219.4,115.7,13.6,1.3,292.89,2023,3.93
Signalkrebs,shellfish,104.77,Spring,4277.2,21.7,33.4,17.7,448.12,2023,2.78
Sild,fish,70.67,Summer,103.3,104.2,4.8,21.9,7.3,2023,3.88
Skrubbe,fish,87.44,Summer,4847.4,13.6,23.7,4.6,423.86,2023,1.39
Skærising,fish,276.37,Autumn,3625.7,84.0,23.2,16.5,1002.03,2023,5.15
Slethvar,fish,125.19,Summer,352.5,13.1,31.1,2.5,44.13,2023,3.23
Smelt,fish,198.84,Spring,1612.1,130.6,29.6,16.8,320.55,2023,4.69
Sort_hummer,shellfish,262.17,Spring,2878.5,109.1,14.6,15.3,754.66,2023,4.51
Stenbider,fish,149.01,Autumn,636.1,104.6,14.6,5.4,94.79,2023,4.77
Torsk,fish,125.29,Summer,343.8,73.5,32.9,28.0,43.07,2023,4.59
Ørred,fish,264.65,Winter,3965.6,80.5,8.2,9.3,1049.5,2023,3.52
Østers,fish,269.24,Autumn,4037.5,116.8,21.1,13.5,1087.06,2023,3.79
Aborre,fish,132.82,Winter,1269.1,139.9,14.5,11.8,168.56,2024,2.68
Blåmusling,shellfish,72.01,All year,1139.6,144.7,32.7,21.4,82.06,2024,2.65
Line_blåmusling,shellfish,93.57,Autumn,4803.5,49.7,5.2,7.7,449.46,2024,2.24
Canadisk_hummer,shellfish,68.67,Autumn,2391.9,74.7,7.2,22.7,164.25,2024,2.33
Dansk_10-armet_blæksprutte,fish,287.08,Spring,3265.7,134.1,20.0,26.1,937.52,2024,4.95
Fjordreje,shellfish,146.82,All year,2623.7,69.1,22.3,24.1,385.21,2024,3.23
Fjæsing,fish,297.01,Spring,4451.8,145.0,12.6,14.1,1322.23,2024,3.65
Flodkrebs,shellfish,143.78,Autumn,524.9,53.2,6.6,27.6,75.47,2024,4.2
Gedde,fish,226.77,Winter,3883.2,133.5,14.0,29.5,880.59,2024,4.55
Havkat,fish,203.59,Spring,662.2,36.4,20.9,20.2,134.82,2024,3.94
Havtaske,fish,105.67,Summer,1135.1,138.6,10.8,10.0,119.95,2024,2.78
Helleflynder,fish,87.56,All year,2939.8,110.0,27.8,8.0,257.41,2024,2.57
Helt,fish,54.31,Winter,323.4,142.4,19.5,4.6,17.56,2024,1.82
Hornfisk,fish,67.37,Summer,3017.9,93.8,21.5,24.1,203.32,2024,4.37
Hvilling,fish,144.99,Autumn,3028.3,36.4,17.0,9.7,439.07,2024,3.99
Ising,fish,88.65,Spring,941.1,144.3,16.7,3.0,83.43,2024,4.4
Jomfruhummer,shellfish,294.8,Spring,194.3,84.4,14.5,7.7,57.28,2024,1.69
Knude,fish,32.87,Winter,3248.2,80.1,23.9,17.3,106.77,2024,3.98
Knurhane,fish,195.35,Spring,2753.0,72.8,10.9,23.8,537.8,2024,4.47
Kuller,fish,183.56,Spring,3042.8,111.6,20.0,4.9,558.54,2024,1.7
Kulmule,fish,101.36,Winter,4937.9,66.5,12.9,18.9,500.51,2024,3.93
Laks_vild,fish,43.42,Autumn,1388.2,68.2,3.7,14.8,60.28,2024,3.93
Lange,fish,180.76,Autumn,3020.8,46.9,4.4,26.5,546.04,2024,3.3
Levende_norsk_kongekrabbe,fish,200.36,Winter,844.6,51.2,30.8,22.1,169.22,2024,4.83
Lyssej,fish,115.62,Spring,3297.6,124.3,38.7,3.4,381.27,2024,4.68
Makrel,fish,180.18,Summer,262.3,10.1,37.3,20.5,47.26,2024,2.45
Multe,fish,197.64,All year,2028.2,17.1,30.4,14.4,400.85,2024,4.72
Mørksej,fish,163.78,Autumn,3309.0,87.7,5.2,23.6,541.95,2024,3.82
Nordsøreje,shellfish,289.71,Winter,848.4,11.8,6.4,6.2,245.79,2024,4.82
Norske_kammusling_i_skal,shellfish,225.74,Winter,4644.1,122.2,36.9,20.3,1048.36,2024,1.33
Pighvar,fish,200.68,All year,1670.2,64.8,31.5,23.0,335.18,2024,3.08
Rødspætte,fish,105.06,All year,453.9,67.6,34.3,22.5,47.69,2024,3.93
Rødtunge,fish,99.17,Spring,3822.9,68.4,2.4,1.1,379.12,2024,3.46
Sandart,fish,120.9,Spring,3186.5,45.5,22.1,3.9,385.25,2024,4.14
Signalkrebs,shellfish,216.16,Winter,2931.9,68.5,36.0,26.4,633.76,2024,1.97
Sild,fish,100.62,Winter,2449.9,124.3,28.0,5.2,246.51,2024,1.87
Skrubbe,fish,183.83,All year,223.5,24.8,24.2,8.1,41.09,2024,2.18
Skærising,fish,155.67,Autumn,2740.1,56.5,34.4,23.5,426.55,2024,3.5
Slethvar,fish,70.78,Summer,1313.0,103.9,17.4,25.1,92.93,2024,3.0
Smelt,fish,99.81,Autumn,2896.3,68.4,38.1,15.3,289.08,2024,2.28
Sort_hummer,shellfish,200.12,Summer,1685.8,14.3,5.4,1.8,337.36,2024,2.69
Stenbider,fish,264.57,Summer,2775.0,116.1,37.1,2.8,734.18,2024,3.16
Torsk,fish,187.38,All year,3812.9,70.2,11.4,19.2,714.46,2024,3.58
Ørred,fish,270.8,Summer,363.4,81.8,8.4,28.7,98.41,2024,4.08
Østers,fish,33.37,All year,1411.6,62.8,18.9,21.6,47.11,2024,3.02
Aborre,fish,237.25,Autumn,1939.9,10.9,31.2,16.0,460.24,2025,2.69
Blåmusling,shellfish,247.53,Winter,3846.0,35.1,19.3,4.4,952.0,2025,1.33
Line_blåmusling,shellfish,173.02,Summer,4028.9,102.0,13.1,27.0,697.08,2025,3.22
Canadisk_hummer,shellfish,254.05,Autumn,3433.1,146.3,28.7,12.5,872.18,2025,2.52
Dansk_10-armet_blæksprutte,fish,70.8,Summer,1214.7,82.7,19.8,26.9,86.0,2025,2.77
Fjordreje,shellfish,75.51,All year,2146.9,141.0,34.6,3.4,162.11,2025,3.84
Fjæsing,fish,282.67,Spring,1258.7,63.2,36.8,2.7,355.8,2025,3.59
Flodkrebs,shellfish,203.13,Spring,1821.0,113.9,35.9,19.6,369.9,2025,3.86
Gedde,fish,193.98,Summer,4818.7,17.8,26.6,4.4,934.73,2025,1.88
Havkat,fish,195.29,All year,1059.9,85.9,29.4,19.3,206.99,2025,4.28
Havtaske,fish,168.6,Spring,2355.7,147.4,12.8,23.8,397.17,2025,2.8
Helleflynder,fish,261.05,All year,3758.2,112.6,39.0,27.3,981.08,2025,1.44
Helt,fish,101.88,Summer,1927.3,82.9,22.7,1.1,196.35,2025,2.26
Hornfisk,fish,82.75,Spring,4184.6,143.8,9.1,25.8,346.28,2025,4.29
Hvilling,fish,96.85,Winter,1884.0,110.9,19.4,25.9,182.47,2025,2.34
Ising,fish,73.06,Spring,4759.6,25.9,24.8,9.3,347.74,2025,2.27
Jomfruhummer,shellfish,240.69,All year,4850.7,125.7,39.4,15.0,1167.51,2025,2.17
Knude,fish,175.85,Autumn,4794.1,50.4,13.0,5.2,843.04,2025,2.55
Knurhane,fish,275.38,Winter,2201.5,134.0,20.6,25.2,606.25,2025,3.75
Kuller,fish,242.03,Summer,2818.9,56.8,26.0,23.8,682.26,2025,2.35
Kulmule,fish,97.98,Spring,4041.6,47.3,8.7,8.5,396.0,2025,3.45
Laks_vild,fish,149.82,Summer,3428.8,64.9,29.8,20.9,513.7,2025,4.95
Lange,fish,288.89,Winter,4138.2,67.3,36.5,25.4,1195.48,2025,3.92
Levende_norsk_kongekrabbe,fish,287.28,All year,4272.1,35.9,11.0,23.5,1227.29,2025,3.66
Lyssej,fish,62.66,Summer,437.2,81.4,20.1,14.5,27.39,2025,4.04
Makrel,fish,199.25,Spring,1759.6,122.0,22.8,26.3,350.6,2025,1.39
Multe,fish,141.26,All year,2898.6,55.2,13.9,1.2,409.46,2025,3.3
Mørksej,fish,56.34,All year,2766.8,46.2,37.5,3.9,155.88,2025,4.6
Nordsøreje,shellfish,135.78,Autumn,3365.4,26.3,8.4,4.5,456.95,2025,2.68
Norske_kammusling_i_skal,shellfish,158.83,Winter,3723.3,23.5,12.1,20.4,591.37,2025,2.6
Pighvar,fish,35.21,Autumn,3406.8,72.8,31.2,5.9,119.95,2025,3.2
Rødspætte,fish,241.89,Summer,3333.1,16.4,32.6,25.7,806.24,2025,3.09
Rødtunge,fish,255.04,Winter,1831.8,133.5,3.0,7.0,467.18,2025,3.97
Sandart,fish,238.17,Summer,289.6,22.0,5.8,17.3,68.97,2025,3.36
Signalkrebs,shellfish,266.83,Autumn,849.9,82.4,33.3,21.7,226.78,2025,4.38
Sild,fish,99.59,All year,2823.4,85.5,31.4,14.0,281.18,2025,2.82
Skrubbe,fish,78.69,Summer,4647.2,87.1,20.6,13.7,365.69,2025,3.94
Skærising,fish,187.71,All year,1163.0,125.1,18.3,21.0,218.31,2025,4.56
Slethvar,fish,201.96,Winter,1250.0,86.2,8.4,15.6,252.45,2025,4.82
Smelt,fish,150.34,Winter,4482.0,13.0,18.4,20.2,673.82,2025,4.27
Sort_hummer,shellfish,101.21,Winter,3308.4,41.7,9.1,15.0,334.84,2025,2.29
Stenbider,fish,58.96,Autumn,3436.6,108.3,11.3,11.6,202.62,2025,4.64
Torsk,fish,275.41,Winter,4420.2,145.7,38.5,11.1,1217.37,2025,3.86
Ørred,fish,218.06,Summer,2372.6,84.9,23.3,14.3,517.37,2025,2.58
Østers,fish,249.65,Autumn,3629.1,143.2,2.3,29.0,906.0,2025,4.48
Makrel,fish,204.16,Spring,1844.64,122.0,23.42,26.3,339.89,2025,1.42
Laks_vild,fish,180.59,Spring,3520.66,16.47,6.84,9.48,624.89,2024,2.2
Dansk_10-armet_blæksprutte,fish,169.06,Spring,2871.07,98.17,36.93,28.43,453.36,2024,3.33
Torsk,fish,190.21,All year,3733.28,73.28,11.68,19.72,697.57,2025,3.56
Ising,fish,231.51,Summer,1006.94,114.57,3.75,3.19,260.8,2024,4.36
Ising,fish,84.95,Spring,926.44,150.94,17.44,2.93,82.76,2022,4.45
Blåmusling,shellfish,230.03,Autumn,3844.35,130.18,17.66,11.04,931.57,2022,1.63
Line_blåmusling,shellfish,70.26,Summer,3618.25,35.4,17.12,4.07,290.01,2022,2.14
Gedde,fish,200.74,Summer,4982.27,17.1,27.92,4.48,941.82,2025,1.88
Norske_kammusling_i_skal,shellfish,143.5,Spring,4476.7,139.8,11.03,8.76,645.26,2020,4.78
Sort_hummer,shellfish,100.74,Winter,3250.75,40.38,9.25,14.74,333.29,2023,2.4
Fjordreje,shellfish,213.5,Winter,1007.64,101.55,3.34,10.54,229.25,2021,3.66
Levende_norsk_kongekrabbe,fish,198.52,Winter,854.42,50.39,32.14,22.8,171.46,2024,4.75
Torsk,fish,211.27,Winter,4081.31,137.38,3.54,5.73,870.14,2021,2.45
Skærising,fish,56.32,Winter,4912.62,38.29,41.48,9.52,297.48,2024,4.47
Smelt,fish,195.32,Spring,1649.61,133.43,28.41,17.32,328.16,2021,4.76
Sild,fish,130.81,Winter,446.25,134.71,7.4,28.08,56.62,2024,2.87
Skærising,fish,278.54,Autumn,3711.24,85.9,24.3,16.82,1045.23,2020,5.01
Norske_kammusling_i_skal,shellfish,138.98,Spring,4664.16,139.16,10.32,8.73,662.73,2024,5.02
Hornfisk,fish,212.25,Spring,1285.42,73.08,28.49,3.37,271.61,2021,2.08
Fjordreje,shellfish,96.33,Winter,451.71,123.45,19.7,6.77,46.26,2020,3.39
Aborre,fish,235.49,Autumn,1981.69,11.25,32.02,15.36,476.7,2021,2.78
Havtaske,fish,214.91,Spring,4412.97,113.31,22.3,6.53,965.37,2024,4.58
Fjæsing,fish,151.28,Winter,1112.75,131.73,24.37,14.99,158.42,2023,3.25
Stenbider,fish,59.98,Autumn,3496.71,103.69,10.75,11.69,210.97,2025,4.67
Pighvar,fish,40.09,Spring,2498.18,38.3,25.8,15.48,101.96,2023,3.83
Ørred,fish,262.85,Summer,348.27,81.37,8.03,29.85,94.51,2023,3.92
Hvilling,fish,99.19,Winter,1942.85,106.82,19.94,25.82,188.34,2025,2.4
Havtaske,fish,211.76,Spring,4190.37,122.99,22.55,6.47,936.75,2023,4.47
Sandart,fish,120.1,Spring,3253.14,47.18,22.99,3.77,378.25,2025,4.02
Sandart,fish,103.46,Autumn,3293.75,54.08,5.55,12.11,312.12,2022,3.78
Line_blåmusling,shellfish,72.73,Summer,3844.71,32.79,17.62,3.94,264.49,2023,2.14
Ising,fish,86.06,Spring,936.11,138.5,16.81,2.86,85.96,2024,4.37
Nordsøreje,shellfish,133.31,Autumn,3234.36,25.37,8.42,4.42,439.45,2021,2.57
Gedde,fish,185.24,Summer,4650.18,17.58,27.7,4.58,922.52,2022,1.81
Blåmusling,shellfish,242.46,Winter,3711.22,33.45,18.64,4.52,930.05,2022,1.3
Helt,fish,55.87,Winter,313.48,135.57,20.46,4.56,16.97,2020,1.88
Torsk,fish,119.37,Summer,349.4,72.77,32.6,27.23,41.3,2025,4.66
Havtaske,fish,109.82,Summer,1111.98,140.12,11.11,10.0,124.73,2025,2.72
Nordsøreje,shellfish,215.76,Spring,4031.03,11.38,7.21,2.01,859.89,2025,3.48
Sild,fish,99.18,Winter,2470.67,125.78,27.87,5.01,249.58,2023,1.83
Multe,fish,219.03,Summer,2083.43,62.9,19.17,20.57,459.33,2020,3.08
Hvilling,fish,122.62,Winter,1729.16,105.09,28.21,25.0,197.39,2021,2.72
Helleflynder,fish,89.64,All year,3084.54,110.45,27.42,8.35,250.3,2021,2.45
Skærising,fish,61.74,Winter,5169.95,38.15,41.05,9.13,283.18,2021,4.48
Norske_kammusling_i_skal,shellfish,152.05,Spring,4359.79,131.61,10.43,8.9,640.77,2025,5.06
Signalkrebs,shellfish,143.57,All year,987.86,132.74,28.31,23.82,138.98,2023,2.88
Flodkrebs,shellfish,290.86,Winter,4174.84,36.94,34.2,4.35,1253.8,2022,4.9
Pighvar,fish,246.87,Winter,3067.12,24.22,35.42,17.61,712.75,2024,4.4
Gedde,fish,268.13,Spring,1860.88,36.56,26.71,10.48,498.4,2025,4.24
Knude,fish,182.92,Autumn,4893.71,48.51,12.99,5.31,819.31,2023,2.48
Østers,fish,239.07,Autumn,3546.26,149.3,2.37,30.27,877.99,2020,4.57
Knurhane,fish,278.35,Winter,2422.92,54.06,21.39,9.13,675.55,2023,3.74
Lange,fish,294.18,All year,4480.86,87.5,25.18,26.83,1247.47,2025,1.84
Østers,fish,33.79,All year,1429.57,62.09,19.51,20.57,46.29,2020,3.11
Pighvar,fish,197.88,All year,1708.26,63.14,31.31,23.58,343.25,2024,2.98
Blåmusling,shellfish,204.11,Spring,2408.97,52.52,25.17,19.21,480.33,2024,1.56
Kulmule,fish,202.75,Winter,3927.42,139.67,20.36,18.28,805.45,2020,2.04
Rødtunge,fish,114.53,Autumn,1727.5,73.79,4.05,25.12,212.09,2020,4.04
Signalkrebs,shellfish,103.73,Spring,4286.01,20.79,35.01,18.5,458.27,2024,2.77
Ørred,fish,272.27,Summer,365.07,78.76,7.99,28.16,100.19,2023,4.03
Dansk_10-armet_blæksprutte,fish,287.52,Spring,3290.71,136.3,19.97,26.1,961.31,2023,4.81
Fjordreje,shellfish,151.42,All year,2568.98,71.07,23.04,25.07,374.84,2020,3.32
Helleflynder,fish,259.36,All year,3611.71,115.25,40.41,26.19,1010.21,2023,1.46
Jomfruhummer,shellfish,307.1,Spring,188.89,86.57,14.43,8.03,59.17,2021,1.75
Havtaske,fish,168.32,Spring,250.93,134.24,17.6,14.4,40.14,2020,1.57
Rødspætte,fish,109.11,All year,432.07,67.6,35.59,21.96,47.16,2021,3.75
Hvilling,fish,266.55,Spring,4038.2,21.93,3.02,19.74,1087.92,2024,3.67
Mørksej,fish,58.83,All year,2683.56,47.18,36.72,3.96,161.76,2020,4.52
Aborre,fish,188.19,Spring,734.84,126.26,15.71,10.48,130.2,2021,2.57
Norske_kammusling_i_skal,shellfish,116.89,Spring,450.5,78.86,9.42,5.96,50.54,2024,2.5
Havkat,fish,188.62,All year,1095.68,82.8,29.46,18.91,197.78,2020,4.26
Jomfruhummer,shellfish,104.11,Spring,799.45,107.68,16.19,20.94,81.59,2024,1.57
Kuller,fish,230.12,Summer,2793.55,55.77,25.02,22.65,650.13,2023,2.37
Torsk,fish,216.86,Winter,4273.5,137.34,3.71,5.91,878.04,2024,2.31
Laks_vild,fish,176.13,Spring,3321.14,18.16,6.83,9.33,658.52,2021,2.19
Lange,fish,288.63,Winter,4100.96,67.47,38.11,24.59,1149.31,2025,3.95
Rødtunge,fish,116.01,Autumn,1851.23,70.17,4.0,24.02,212.29,2024,3.9
Lyssej,fish,214.94,Spring,4858.99,151.46,4.88,17.06,969.37,2023,1.38
Blåmusling,shellfish,210.27,Spring,2595.47,54.69,24.5,20.33,523.32,2024,1.48
Skrubbe,fish,79.71,Summer,4679.49,88.54,19.9,14.21,358.78,2023,3.96
Aborre,fish,228.54,Autumn,2026.66,11.17,31.91,16.33,462.04,2024,2.72
Mørksej,fish,162.56,Autumn,3221.08,89.43,5.42,24.38,515.42,2025,3.95
Signalkrebs,shellfish,105.29,Spring,4485.76,20.88,34.6,17.49,467.07,2024,2.73
Nordsøreje,shellfish,130.61,Autumn,3204.53,25.11,8.61,4.63,438.39,2025,2.73
Sandart,fish,239.07,Winter,1237.17,115.22,14.2,1.32,279.87,2020,3.91
Flodkrebs,shellfish,308.9,Winter,4083.16,34.97,36.01,4.4,1294.29,2023,4.74
Flodkrebs,shellfish,196.65,Summer,2095.26,87.39,2.92,19.5,423.83,2022,4.21
Sort_hummer,shellfish,180.94,Spring,4564.76,107.35,5.48,21.56,849.13,2021,1.33
Kuller,fish,34.68,Winter,825.47,31.78,6.5,13.55,29.97,2021,2.02
Lange,fish,173.84,Autumn,3128.94,47.84,4.27,27.22,557.94,2023,3.29
Sandart,fish,227.93,Summer,290.37,20.91,6.08,17.03,69.5,2024,3.42
Norske_kammusling_i_skal,shellfish,142.03,Spring,4519.59,127.99,10.88,8.87,661.52,2023,5.18
Hornfisk,fish,215.48,Spring,1309.83,75.89,26.93,3.28,268.79,2025,2.0
Signalkrebs,shellfish,217.7,Winter,2902.95,69.64,37.5,26.57,641.79,2025,1.98
Pighvar,fish,243.42,Winter,3067.33,24.01,33.66,17.66,767.36,2024,4.43
Signalkrebs,shellfish,254.78,Autumn,829.02,79.97,33.86,22.73,219.25,2025,4.48
Sandart,fish,236.47,Summer,288.02,22.5,5.69,17.38,71.34,2020,3.46
Havkat,fish,202.41,Spring,675.15,35.34,20.07,20.56,128.65,2022,4.07
Ising,fish,141.99,Autumn,2469.13,60.33,19.24,14.41,373.28,2020,2.77
Havtaske,fish,223.13,Spring,4564.29,114.45,21.09,7.0,998.68,2021,4.6
Canadisk_hummer,shellfish,70.58,Autumn,2426.74,73.86,7.32,22.49,162.0,2025,2.39
Stenbider,fish,147.91,Winter,1503.57,141.6,9.31,18.92,214.59,2021,4.55
Helleflynder,fish,77.63,Spring,222.52,62.55,16.63,2.56,17.56,2020,1.9
Ørred,fish,278.12,Summer,351.44,80.73,8.46,27.64,97.66,2021,4.25
Kuller,fish,176.53,Spring,2897.84,116.78,19.06,4.69,580.71,2021,1.7
Rødspætte,fish,149.79,Summer,2123.34,79.03,2.22,20.24,312.24,2021,5.12
Torsk,fish,220.29,Winter,4186.18,132.14,3.62,5.73,907.16,2024,2.42
Sild,fish,114.52,All year,397.87,29.24,19.65,12.38,43.96,2025,4.61
Østers,fish,200.89,Spring,2000.18,133.13,33.35,16.21,426.95,2020,4.85
Line_blåmusling,shellfish,73.95,Summer,3737.34,35.1,18.04,4.23,289.15,2022,2.01
Nordsøreje,shellfish,300.35,Winter,844.33,11.73,6.49,6.09,238.48,2025,5.03
Torsk,fish,213.77,Winter,4138.6,134.51,3.77,5.84,890.2,2023,2.34
Canadisk_hummer,shellfish,241.57,Autumn,3558.96,152.24,29.34,12.79,866.66,2023,2.59
Hvilling,fish,272.85,Spring,3967.89,22.68,3.01,21.57,1066.14,2022,3.93
Makrel,fish,184.13,Summer,272.92,10.49,37.47,19.86,46.64,2022,2.47
Slethvar,fish,135.88,Summer,3386.68,68.68,23.19,18.93,439.6,2020,2.75
Makrel,fish,110.26,Summer,1269.66,47.39,5.04,20.17,153.74,2022,2.66
Smelt,fish,84.76,Autumn,2442.47,36.65,8.73,4.4,198.65,2023,5.04
Sort_hummer,shellfish,190.15,Summer,1696.92,14.76,5.21,1.76,324.09,2020,2.72
Flodkrebs,shellfish,143.8,Autumn,535.13,50.71,6.53,27.94,76.51,2024,4.3
Hvilling,fish,115.63,Winter,1757.8,105.95,30.24,25.59,205.44,2024,2.68
Blåmusling,shellfish,233.76,Autumn,3897.6,129.19,16.84,10.57,888.95,2023,1.74
Lyssej,fish,204.82,Spring,5159.06,144.84,4.75,18.0,978.88,2023,1.36
Hvilling,fish,126.71,Autumn,2139.04,11.64,5.06,22.39,260.71,2021,2.49
Line_blåmusling,shellfish,41.46,Autumn,1051.86,145.7,6.82,12.06,40.86,2022,1.82
Gedde,fish,216.92,Winter,3780.84,131.72,14.24,28.77,858.22,2023,4.46
Lyssej,fish,79.94,Spring,1923.27,43.87,38.83,16.29,153.01,2020,3.23
Line_blåmusling,shellfish,226.41,Spring,2540.27,140.11,9.66,21.53,564.42,2020,3.41
Slethvar,fish,131.47,Summer,3223.26,67.87,22.74,19.16,465.02,2020,2.79
Sort_hummer,shellfish,66.8,Winter,1943.46,82.74,2.47,10.53,135.66,2025,3.97
Havtaske,fish,169.6,Spring,2243.47,145.81,13.22,22.67,389.1,2022,2.86
Rødtunge,fish,116.8,Winter,1132.14,133.09,20.79,12.23,122.64,2022,4.17
Signalkrebs,shellfish,219.23,Winter,3019.29,69.61,35.99,26.15,636.83,2022,2.01
Hvilling,fish,121.63,Winter,1743.85,99.43,28.54,25.33,216.29,2020,2.79
Canadisk_hummer,shellfish,257.12,Autumn,3395.9,150.3,28.06,12.08,880.18,2020,2.47
Skrubbe,fish,182.88,All year,228.39,24.13,23.11,8.1,40.13,2021,2.27
Sort_hummer,shellfish,99.86,Winter,3429.11,43.25,9.44,15.57,330.97,2023,2.38
Skrubbe,fish,88.04,Summer,5061.46,13.8,24.62,4.69,442.37,2021,1.34
Kuller,fish,183.03,Summer,2112.43,23.69,8.29,6.17,369.87,2024,2.48
Rødspætte,fish,262.76,Autumn,2041.04,70.79,8.38,28.44,562.57,2025,2.11
Norske_kammusling_i_skal,shellfish,166.67,Winter,3701.22,23.06,12.26,20.01,571.69,2022,2.65
Fjordreje,shellfish,149.56,All year,2574.12,66.89,21.5,23.47,400.05,2020,3.18
Stenbider,fish,260.52,Winter,1538.53,14.08,6.39,17.37,408.61,2023,2.05
Knude,fish,128.63,Summer,1677.65,138.91,4.56,13.07,213.58,2025,1.3
Ørred,fish,206.75,Autumn,3092.64,45.05,36.01,25.39,635.12,2021,5.05
Norske_kammusling_i_skal,shellfish,164.98,Winter,3808.61,22.88,11.57,20.09,598.2,2024,2.51
Helleflynder,fish,87.15,All year,2877.87,113.53,27.97,8.23,251.4,2020,2.59
Knurhane,fish,158.77,Winter,2668.31,129.72,40.13,3.29,472.58,2022,2.65
Hvilling,fish,131.05,Autumn,2083.35,11.82,4.75,22.97,254.58,2023,2.62
Kulmule,fish,101.01,Spring,3861.64,48.77,8.6,8.6,404.72,2021,3.29
Havtaske,fish,109.03,Summer,1116.19,139.63,10.74,9.53,122.86,2024,2.9
Lange,fish,203.65,Summer,2865.29,128.29,4.72,1.67,594.19,2024,2.54
Knurhane,fish,165.73,Winter,2667.8,130.54,38.17,3.2,459.78,2023,2.93
Gedde,fish,202.92,Summer,4875.39,17.39,25.78,4.43,911.15,2025,1.83
Helt,fish,128.64,Autumn,220.02,151.66,35.14,20.85,28.09,2022,5.04
Blåmusling,shellfish,236.0,Winter,3914.27,36.21,19.0,4.33,931.1,2020,1.27
Sandart,fish,122.23,Spring,3122.49,44.1,21.5,4.03,373.02,2025,4.06
Gedde,fish,243.09,Summer,1880.92,70.5,29.39,25.67,459.35,2023,3.01
Pighvar,fish,38.07,Spring,2406.69,39.98,27.33,15.14,100.17,2025,3.65
Lyssej,fish,79.11,Spring,2015.93,42.21,38.74,17.46,160.65,2025,3.38
Ising,fish,92.96,Spring,967.19,147.73,15.98,3.02,86.59,2025,4.41
Havkat,fish,211.39,Spring,644.01,36.62,21.35,20.69,131.28,2021,3.82
Nordsøreje,shellfish,136.47,Autumn,3260.79,25.88,8.62,4.71,473.17,2020,2.76
Kulmule,fish,97.87,Winter,4837.1,68.75,13.39,18.48,507.44,2022,4.09
Sandart,fish,103.74,Autumn,3241.32,54.47,5.25,11.99,311.44,2021,4.04
Sild,fish,100.08,All year,2717.07,89.26,32.31,13.9,289.86,2023,2.75
Ising,fish,141.6,Autumn,2626.28,56.24,19.13,14.61,378.71,2023,2.63
Ising,fish,143.84,Autumn,2461.4,55.31,19.5,15.13,350.53,2021,2.76
Jomfruhummer,shellfish,287.62,Spring,197.75,82.18,13.79,7.5,55.33,2020,1.63
Pighvar,fish,240.46,Winter,3081.97,22.52,35.33,17.85,734.31,2024,4.1
Sandart,fish,124.91,Spring,3215.86,45.33,22.35,4.07,377.02,2023,3.94
Blåmusling,shellfish,196.71,Spring,2541.23,55.65,23.27,20.12,498.3,2025,1.48
Signalkrebs,shellfish,261.01,Autumn,868.88,81.69,31.89,21.6,229.5,2023,4.59
Gedde,fish,229.63,Summer,1965.73,71.61,29.09,26.06,445.95,2020,3.02
Havtaske,fish,209.54,Spring,4564.86,123.29,20.87,6.85,995.24,2025,4.52
Pighvar,fish,40.19,Spring,2404.85,40.05,27.67,15.86,102.59,2024,3.9
Canadisk_hummer,shellfish,302.8,All year,4600.47,60.78,30.13,8.02,1281.65,2020,3.61
Makrel,fish,176.14,Summer,458.49,24.77,33.08,13.79,74.61,2020,2.8
Multe,fish,249.12,Winter,1991.57,135.71,4.03,18.74,503.39,2025,3.63
Jomfruhummer,shellfish,235.33,All year,4814.25,121.52,38.5,14.5,1150.13,2020,2.17
Lange,fish,230.37,Autumn,894.76,96.05,10.83,22.2,216.06,2020,3.73
Kuller,fish,178.43,Summer,2268.05,22.92,8.65,6.3,372.78,2024,2.37
Canadisk_hummer,shellfish,66.48,Autumn,2460.02,72.88,6.9,23.17,163.98,2022,2.29
Sort_hummer,shellfish,267.47,Spring,2990.91,113.94,15.11,15.99,777.9,2021,4.56
Fjordreje,shellfish,101.74,Autumn,3289.12,72.87,33.33,25.21,366.78,2022,4.26
Line_blåmusling,shellfish,40.96,Autumn,1012.93,135.13,6.68,11.93,39.68,2025,1.89
Torsk,fish,280.99,Winter,4572.47,151.69,38.47,11.11,1172.4,2023,3.87
Stenbider,fish,56.69,Autumn,3279.44,107.0,11.59,11.31,197.67,2022,4.55
Ising,fish,252.43,Summer,1045.86,114.79,3.74,3.41,249.93,2021,4.32
Dansk_10-armet_blæksprutte,fish,139.37,Summer,4677.79,66.21,27.88,13.52,648.11,2022,1.9
Knurhane,fish,192.3,Spring,2630.85,72.35,10.79,24.61,529.87,2020,4.47
Line_blåmusling,shellfish,92.61,Autumn,5019.45,51.45,5.0,8.0,453.72,2020,2.34
Flodkrebs,shellfish,286.72,Winter,4080.05,34.94,36.67,4.32,1235.11,2020,4.72
Slethvar,fish,194.94,Winter,1287.17,86.4,8.63,14.92,244.93,2025,5.03
Slethvar,fish,120.26,Summer,348.52,12.89,31.79,2.46,44.11,2024,3.37
Nordsøreje,shellfish,97.79,Spring,2476.09,92.63,27.26,10.56,230.3,2024,5.08
Nordsøreje,shellfish,190.76,Spring,1602.42,61.11,19.92,9.94,282.6,2025,3.78
Sort_hummer,shellfish,262.78,Spring,2955.78,114.39,15.3,14.68,788.41,2023,4.63
Blåmusling,shellfish,74.58,All year,1138.53,146.92,33.0,21.1,78.39,2024,2.58
Laks_vild,fish,45.01,Autumn,1402.46,70.94,3.72,14.25,61.43,2025,4.05
Mørksej,fish,174.71,Autumn,3490.64,87.35,28.67,25.05,638.08,2024,4.53
Kuller,fish,233.86,Summer,2863.51,57.97,24.83,22.98,681.91,2023,2.3
Stenbider,fish,274.52,Summer,2905.99,119.74,35.7,2.71,735.05,2021,3.29
Kuller,fish,170.93,Summer,2218.25,22.16,8.87,5.71,398.32,2024,2.39
Østers,fish,242.66,Autumn,3596.44,141.89,2.28,28.82,929.29,2022,4.33
Havtaske,fish,167.15,Spring,247.68,138.72,16.71,14.03,39.22,2020,1.48
Ørred,fish,187.72,Autumn,3060.88,44.68,34.39,26.4,630.01,2020,5.16
Mørksej,fish,166.66,Autumn,3290.66,91.08,5.39,22.83,535.6,2024,3.74
Mørksej,fish,171.74,Autumn,3373.98,89.41,5.05,24.72,547.52,2023,3.66
Signalkrebs,shellfish,261.3,Autumn,809.27,85.3,34.75,21.93,220.31,2022,4.24
Canadisk_hummer,shellfish,252.19,Autumn,3294.27,140.46,27.96,12.58,910.42,2025,2.57
Østers,fish,202.47,Spring,2100.43,130.82,34.43,15.98,414.59,2020,4.88
Smelt,fish,104.04,Autumn,2782.52,67.79,39.7,15.91,281.57,2022,2.32
Helleflynder,fish,131.05,Summer,4434.74,106.94,33.97,28.21,611.28,2025,3.6
Hvilling,fish,121.98,Autumn,2168.03,12.19,4.69,23.29,255.2,2023,2.48
Line_blåmusling,shellfish,42.55,Autumn,997.66,135.69,6.68,12.24,40.8,2020,1.96
Hornfisk,fish,78.68,Spring,4028.87,146.73,9.22,25.96,357.95,2024,4.21
Helt,fish,103.19,Summer,1877.19,83.43,22.22,1.14,201.01,2022,2.19
Havkat,fish,185.99,All year,1042.84,84.81,28.48,18.68,196.98,2024,4.37
Mørksej,fish,69.87,Spring,2523.83,83.72,18.9,28.52,169.57,2023,4.7
Havtaske,fish,108.7,Winter,2649.33,57.54,10.92,12.45,282.82,2024,4.95
Kulmule,fish,95.01,Spring,4064.79,47.35,8.4,8.85,409.97,2022,3.31
Lange,fish,188.41,Autumn,2955.83,45.09,4.31,27.44,521.82,2020,3.42
Laks_vild,fish,104.72,Spring,1777.62,121.04,26.65,15.78,197.61,2025,4.55
Sort_hummer,shellfish,102.6,Winter,3220.07,42.63,8.65,15.28,322.45,2021,2.34
Laks_vild,fish,41.42,Autumn,1451.11,67.58,3.55,14.41,60.96,2025,4.05
Ising,fish,244.66,Summer,1060.38,119.01,3.78,3.29,248.91,2024,4.69
Havkat,fish,230.9,Spring,3239.96,17.38,21.16,31.2,708.51,2024,1.38
Knude,fish,158.03,All year,3974.93,99.42,15.01,19.58,593.78,2025,4.66
Mørksej,fish,72.54,Spring,2640.3,79.27,18.08,27.81,182.27,2022,4.69
Rødspætte,fish,260.56,Autumn,2136.44,71.3,8.74,26.74,573.2,2021,2.26
Lange,fish,303.14,Winter,4030.89,67.39,35.95,24.91,1145.88,2022,3.81
Knurhane,fish,266.75,Summer,1115.44,78.2,20.09,5.99,285.21,2022,1.62
Sort_hummer,shellfish,190.71,Spring,4296.45,107.55,5.62,21.75,791.47,2025,1.33
Hornfisk,fish,83.98,Spring,4205.58,140.44,9.52,27.03,363.0,2023,4.24
Levende_norsk_kongekrabbe,fish,204.86,Winter,880.26,53.43,31.49,22.45,165.34,2022,4.64
Rødspætte,fish,268.38,Spring,3639.9,103.58,29.18,16.88,926.42,2025,2.81
Norske_kammusling_i_skal,shellfish,147.4,Spring,4562.97,136.09,10.48,8.4,634.45,2024,4.99
Havkat,fish,75.02,Summer,1567.83,84.34,22.22,22.65,123.47,2020,4.02
Makrel,fish,161.14,Summer,473.42,24.2,33.63,15.04,81.1,2020,2.73
Østers,fish,33.43,All year,1370.69,60.19,19.68,22.11,45.22,2023,3.04
Dansk_10-armet_blæksprutte,fish,43.78,Summer,1955.02,20.1,36.65,15.48,86.16,2021,5.27
Norske_kammusling_i_skal,shellfish,227.61,Winter,4836.31,116.51,35.67,20.2,1031.59,2021,1.28
Flodkrebs,shellfish,201.27,Spring,1873.54,117.92,35.99,19.02,371.16,2023,3.9
Flodkrebs,shellfish,297.99,Autumn,4629.1,96.71,30.81,25.37,1216.41,2022,1.52
Rødspætte,fish,109.34,All year,442.6,70.12,32.93,23.31,48.96,2023,3.77
Mørksej,fish,73.24,Spring,2564.64,79.96,18.29,26.48,183.95,2021,4.62
Skrubbe,fish,162.23,All year,2611.16,12.92,13.0,9.78,462.47,2022,1.83
Nordsøreje,shellfish,208.76,Spring,4198.21,10.81,7.65,2.14,898.75,2020,3.4
Gedde,fish,266.05,Spring,1817.78,38.33,26.13,11.03,477.67,2020,3.92
Dansk_10-armet_blæksprutte,fish,285.01,Spring,3223.34,137.58,19.74,26.77,908.14,2020,5.13
Jomfruhummer,shellfish,247.88,Summer,675.19,30.63,13.31,7.75,171.41,2021,3.02
Rødspætte,fish,149.35,Summer,2053.81,77.3,2.15,21.03,295.21,2020,4.78
Havtaske,fish,100.74,Summer,1096.45,145.42,11.22,10.07,121.25,2023,2.67
Nordsøreje,shellfish,218.84,Spring,4003.46,11.0,6.98,2.06,882.68,2022,3.27
Skærising,fish,284.95,Autumn,3729.45,84.33,22.61,16.81,994.98,2025,5.06
Knude,fish,235.73,Autumn,595.0,121.01,9.74,17.92,140.9,2022,3.0
Kuller,fish,174.73,Spring,2965.52,106.54,19.93,5.13,545.96,2020,1.62
Pighvar,fish,172.94,Spring,4492.17,52.46,9.92,25.43,776.27,2020,3.6
Fjæsing,fish,297.37,Spring,4660.16,151.02,13.16,14.1,1297.65,2022,3.55
Kulmule,fish,96.03,Spring,3936.32,46.76,8.72,8.62,402.49,2025,3.52
Lange,fish,304.16,All year,4246.2,88.46,25.61,25.9,1270.76,2020,1.75
Ising,fish,76.28,Spring,4806.62,24.69,24.81,9.1,347.45,2020,2.29
Sild,fish,117.69,All year,413.27,28.06,18.64,12.01,44.33,2021,4.43
Smelt,fish,191.49,Spring,1541.78,125.17,29.94,16.73,327.81,2020,4.64
Skærising,fish,162.71,Autumn,2617.94,55.24,32.74,22.56,423.91,2024,3.51
Jomfruhummer,shellfish,287.49,Spring,186.4,81.63,13.83,7.43,56.55,2024,1.64
Ising,fish,255.32,Summer,1073.11,114.9,4.08,3.27,243.79,2021,4.35
Sild,fish,70.96,Summer,101.69,107.95,4.87,21.71,7.65,2023,3.7
Hvilling,fish,99.59,Winter,1877.48,108.02,18.83,25.3,176.29,2022,2.26
Kuller,fish,33.92,Winter,819.55,29.97,6.81,13.46,28.37,2022,2.21
Knurhane,fish,274.5,Winter,2275.19,133.17,20.37,25.89,588.37,2022,3.75
Multe,fish,139.86,Spring,300.36,39.42,14.53,18.28,43.12,2024,1.34
Canadisk_hummer,shellfish,241.88,Spring,2108.14,36.05,21.29,22.9,505.34,2024,1.33
Pighvar,fish,34.11,Autumn,3482.21,73.97,30.71,5.66,120.54,2022,3.07
Gedde,fish,186.66,Summer,4951.02,17.58,26.72,4.58,945.52,2020,1.83
Smelt,fish,78.6,Autumn,2514.79,34.94,8.97,4.05,210.63,2021,5.18
Jomfruhummer,shellfish,304.71,Spring,196.73,87.14,14.99,7.35,59.34,2022,1.7
Line_blåmusling,shellfish,230.39,Spring,2697.18,130.27,9.16,22.55,576.8,2024,3.37
Line_blåmusling,shellfish,75.13,Summer,3878.68,34.28,16.68,4.21,274.54,2025,2.06
Slethvar,fish,142.53,Summer,3125.22,70.66,23.84,18.11,444.78,2021,2.98
Line_blåmusling,shellfish,175.35,Summer,4034.02,105.33,12.78,26.1,689.58,2025,3.1
Skrubbe,fish,82.13,Summer,4617.76,84.39,21.36,14.34,347.74,2025,3.79
Gedde,fish,194.9,Winter,2238.87,117.58,21.66,20.15,439.52,2024,4.79
Rødspætte,fish,104.81,All year,452.81,68.27,33.05,23.29,49.6,2024,3.74
Ørred,fish,84.61,Spring,2937.98,13.18,34.16,3.55,238.03,2025,3.81
Pighvar,fish,35.43,Autumn,3511.52,70.35,31.77,5.67,118.56,2025,3.2
Knude,fish,168.14,Autumn,4740.81,51.6,12.41,5.42,884.88,2020,2.48
Line_blåmusling,shellfish,40.31,Autumn,1044.76,139.45,7.07,12.0,40.68,2024,1.9
Jomfruhummer,shellfish,241.98,All year,4659.63,121.26,38.88,15.33,1222.09,2024,2.21
Knurhane,fish,269.87,Winter,2420.34,54.78,23.49,8.81,687.8,2025,3.68
Ørred,fish,275.69,Summer,360.63,85.85,8.24,28.86,102.05,2025,4.1
Nordsøreje,shellfish,173.9,Spring,1591.45,60.75,19.63,9.28,269.31,2023,3.73
Sort_hummer,shellfish,197.31,Summer,1617.42,13.88,5.39,1.86,332.35,2023,2.7
Fjæsing,fish,267.99,All year,3362.29,95.25,20.27,15.22,863.13,2021,4.29
Nordsøreje,shellfish,209.12,Spring,4295.42,11.39,7.5,2.08,886.41,2022,3.34
Mørksej,fish,66.55,Spring,2552.77,81.22,19.31,27.93,170.35,2025,4.96
Jomfruhummer,shellfish,166.45,All year,1885.04,23.02,7.6,28.31,304.55,2024,3.42
Levende_norsk_kongekrabbe,fish,120.1,All year,4770.29,71.99,33.25,19.88,600.21,2021,5.29
Sandart,fish,201.2,Summer,3093.61,24.93,8.12,11.39,638.96,2022,1.42
Canadisk_hummer,shellfish,253.12,Spring,2025.68,36.26,19.71,22.97,496.69,2021,1.31
Canadisk_hummer,shellfish,70.95,Autumn,2362.16,77.75,7.39,23.81,159.92,2022,2.4
Jomfruhummer,shellfish,231.36,All year,4612.69,129.51,37.57,14.34,1214.09,2021,2.15
Ising,fish,70.82,Spring,4798.27,26.88,23.87,9.67,348.57,2021,2.28
Torsk,fish,232.66,Winter,4017.39,141.86,3.61,5.91,957.75,2025,2.35
Knurhane,fish,265.05,Winter,2473.82,58.37,22.65,8.53,668.75,2023,3.66
Helleflynder,fish,91.88,All year,2821.25,104.95,28.97,7.91,252.58,2023,2.55
Canadisk_hummer,shellfish,271.59,Spring,2734.95,58.66,24.16,5.75,703.21,2020,4.31
Østers,fish,34.13,All year,1347.86,63.8,18.7,20.98,44.94,2022,3.08
Sild,fish,102.4,All year,2837.66,87.82,31.24,14.44,287.05,2024,2.75
Fjordreje,shellfish,72.02,All year,2139.03,146.09,33.33,3.46,159.27,2025,3.7
Kuller,fish,238.78,Autumn,4799.21,79.63,5.52,1.28,1138.55,2023,4.97
Fjordreje,shellfish,103.21,Autumn,3376.18,71.09,32.17,23.78,346.53,2024,4.53
Levende_norsk_kongekrabbe,fish,201.67,Winter,815.35,52.08,30.79,22.44,176.52,2021,4.82
Flodkrebs,shellfish,299.27,Winter,4316.82,37.76,36.19,4.4,1298.98,2023,4.81
Hornfisk,fish,214.46,Spring,1270.3,72.05,26.93,3.2,271.48,2021,2.02
Blåmusling,shellfish,209.44,Spring,2584.83,53.67,24.73,19.32,499.18,2025,1.49
Multe,fish,261.3,Winter,2017.81,134.86,4.03,18.61,545.3,2025,3.48
Sild,fish,72.67,Summer,100.61,102.21,4.93,22.49,7.0,2022,4.01
Skrubbe,fish,76.07,Autumn,2396.74,130.15,35.59,13.51,194.6,2022,2.19
Hornfisk,fish,209.73,Spring,1282.78,77.98,28.96,3.31,266.49,2023,2.15
Signalkrebs,shellfish,272.94,Autumn,848.49,79.05,32.79,21.21,232.74,2023,4.33
Fjæsing,fish,287.65,Spring,1226.26,61.01,35.43,2.78,340.53,2020,3.69
Makrel,fish,200.72,Spring,1841.17,118.71,23.32,25.76,361.14,2020,1.32
Helleflynder,fish,267.22,All year,3872.14,108.17,40.32,26.86,984.87,2022,1.39
Flodkrebs,shellfish,201.23,Summer,2168.8,91.51,2.87,20.36,410.7,2022,4.24
Signalkrebs,shellfish,138.41,Autumn,4098.31,86.88,24.76,23.73,547.67,2025,2.55
Hornfisk,fish,249.85,Spring,560.27,36.63,2.4,6.72,127.82,2022,4.0
Ørred,fish,284.15,Summer,371.63,83.52,7.98,29.56,99.14,2025,3.99
Gedde,fish,272.13,Spring,1705.05,34.83,28.77,10.24,488.07,2024,4.27
Jomfruhummer,shellfish,247.11,Summer,693.93,30.53,13.87,7.47,172.84,2025,3.19
Flodkrebs,shellfish,297.37,Winter,4198.59,36.02,34.04,4.31,1298.9,2023,4.71
Rødtunge,fish,260.07,Winter,1754.47,134.68,3.06,6.83,488.39,2024,3.88
Ising,fish,154.1,Autumn,2436.71,60.34,19.28,14.59,386.18,2023,2.75
Hornfisk,fish,270.24,Spring,648.13,110.31,33.39,20.51,162.48,2022,4.88
Helleflynder,fish,65.8,All year,3584.48,10.67,11.92,27.92,235.56,2025,1.61
Ising,fish,148.52,Autumn,2592.43,60.72,19.88,13.98,355.7,2021,2.78
Nordsøreje,shellfish,189.22,Spring,1493.04,58.35,20.06,9.12,274.62,2023,3.8
Levende_norsk_kongekrabbe,fish,95.84,Autumn,3620.36,38.42,8.86,3.98,352.19,2022,1.8
Pighvar,fish,176.84,Spring,4245.1,56.01,9.95,24.53,732.03,2021,3.58
Flodkrebs,shellfish,284.47,Autumn,4267.26,94.58,33.77,24.19,1217.99,2022,1.45
Fjæsing,fish,220.47,Summer,509.06,101.88,31.35,9.4,111.03,2025,4.13
Knude,fish,31.91,Winter,3108.46,81.88,23.86,17.91,101.61,2022,4.01
Havkat,fish,231.25,Spring,3317.91,16.21,21.1,28.87,714.0,2020,1.37
Gedde,fish,233.04,Summer,1788.95,72.48,28.12,24.61,437.23,2022,2.96
Dansk_10-armet_blæksprutte,fish,177.57,Spring,2686.02,92.61,36.76,30.12,484.07,2021,3.43
Canadisk_hummer,shellfish,245.29,Spring,2092.38,32.88,20.25,22.41,502.28,2025,1.31
Kuller,fish,234.61,Summer,2933.05,54.76,27.01,24.83,682.85,2024,2.24
Hvilling,fish,98.7,Winter,1849.38,106.17,20.34,26.88,182.28,2025,2.38
Sild,fish,95.24,All year,2763.24,83.46,31.84,14.34,280.4,2024,2.78
Torsk,fish,125.92,Summer,326.78,75.22,34.12,28.66,42.46,2020,4.38
Torsk,fish,196.59,All year,3909.73,70.18,11.1,19.22,735.9,2022,3.53
Line_blåmusling,shellfish,71.76,Summer,3844.55,35.19,17.31,3.92,291.42,2021,2.09
Rødspætte,fish,102.01,All year,469.67,67.89,34.99,21.84,47.02,2021,3.99
Skærising,fish,147.92,Autumn,2789.56,57.05,33.51,23.69,437.08,2023,3.37
Smelt,fish,83.34,Autumn,2554.28,35.0,8.42,4.23,201.45,2022,4.84
Smelt,fish,205.33,Spring,1645.03,133.28,30.17,16.85,311.96,2024,4.76
Aborre,fish,122.4,Spring,4255.0,83.11,10.98,19.31,514.71,2020,2.97
Slethvar,fish,139.03,Summer,3175.63,67.6,23.72,18.6,431.06,2021,2.86
Helleflynder,fish,89.95,All year,2867.99,106.16,28.84,8.36,251.73,2021,2.63
Fjordreje,shellfish,104.94,Winter,474.12,123.61,19.95,6.83,48.46,2023,3.51
Sandart,fish,194.08,Summer,3181.7,25.34,8.46,11.71,668.16,2024,1.41
Helleflynder,fish,253.18,All year,3844.48,114.85,39.2,26.26,993.06,2023,1.37
Line_blåmusling,shellfish,42.17,Autumn,1039.19,133.44,6.82,11.97,41.59,2022,1.8
Flodkrebs,shellfish,290.1,Winter,4229.16,36.15,34.89,4.35,1228.06,2023,4.91
Nordsøreje,shellfish,140.36,Autumn,3478.0,26.72,8.75,4.44,435.93,2020,2.68
Mørksej,fish,58.54,All year,2808.94,48.21,36.73,3.87,160.8,2020,4.49
Laks_vild,fish,44.23,Autumn,1419.6,71.2,3.83,14.7,59.13,2023,3.84
Sandart,fish,235.34,Winter,1240.31,113.98,13.08,1.34,287.93,2024,3.74
Mørksej,fish,70.55,Spring,2514.39,86.15,18.63,27.71,172.55,2024,4.61
Multe,fish,262.84,Winter,2062.04,132.78,3.94,18.07,543.07,2025,3.52
Torsk,fish,122.39,Summer,349.15,71.52,33.31,27.01,41.4,2023,4.79
Sort_hummer,shellfish,96.5,Winter,3418.49,40.69,8.84,14.96,337.78,2024,2.24
Dansk_10-armet_blæksprutte,fish,168.51,Spring,2784.99,90.43,35.74,28.68,487.22,2024,3.39
Sort_hummer,shellfish,72.43,Winter,1850.94,80.97,2.47,10.97,137.09,2023,3.88
Sild,fish,114.87,All year,384.6,28.82,19.17,12.33,45.16,2020,4.74
Hvilling,fish,95.05,Winter,1870.36,108.65,19.78,24.89,184.47,2022,2.38
Hornfisk,fish,280.38,Spring,619.96,113.16,34.97,20.77,166.06,2025,4.85
Norske_kammusling_i_skal,shellfish,146.52,Spring,4395.1,136.84,10.87,8.11,631.96,2023,4.76
Aborre,fish,119.79,Spring,4257.75,78.05,11.45,20.42,483.83,2023,2.85
Hvilling,fish,97.61,Winter,1807.81,108.17,19.51,25.61,179.28,2025,2.23
Kuller,fish,189.16,Spring,3144.1,109.34,19.46,4.69,561.51,2022,1.66
Torsk,fish,270.23,Winter,4446.57,145.61,38.14,11.37,1275.9,2021,3.99
Havtaske,fish,214.63,Spring,4367.94,117.15,20.77,6.79,993.71,2020,4.31
Havkat,fish,195.16,All year,1025.31,87.17,30.53,18.39,201.78,2022,4.31
Rødtunge,fish,115.95,Autumn,1755.52,67.79,3.76,24.42,196.04,2023,3.93
Fjordreje,shellfish,75.53,All year,2189.78,144.24,35.29,3.51,163.14,2025,3.9
Ising,fish,91.74,Summer,621.71,44.55,9.0,13.96,57.81,2023,4.82
Fjordreje,shellfish,140.23,All year,2733.32,70.73,22.62,24.09,385.49,2020,3.21
Helt,fish,89.21,Summer,1274.39,39.74,37.37,9.14,106.47,2020,2.71
Østers,fish,241.74,Autumn,3520.03,148.82,2.4,28.74,873.49,2024,4.63
Havkat,fish,186.95,All year,1096.14,88.28,30.31,19.66,199.8,2023,4.11
Hornfisk,fish,271.23,Spring,619.65,105.49,34.09,20.38,175.13,2025,4.66
Multe,fish,193.45,All year,2036.59,17.21,29.57,14.19,382.64,2020,4.6
Torsk,fish,119.43,Summer,343.01,70.49,33.09,26.64,43.05,2023,4.58
Lange,fish,234.11,Autumn,861.82,97.63,11.62,21.96,204.66,2023,4.01
Hornfisk,fish,215.44,Spring,1230.82,75.22,26.89,3.17,278.97,2023,2.01
Jomfruhummer,shellfish,161.29,All year,1966.43,23.11,8.03,28.69,319.96,2022,3.48
Knurhane,fish,263.67,Summer,1089.25,80.61,19.67,6.14,293.21,2024,1.62
Makrel,fish,175.03,Summer,257.19,9.98,37.71,21.22,45.64,2023,2.41
Slethvar,fish,207.55,Winter,1301.95,87.23,8.67,16.22,249.52,2020,4.82
Stenbider,fish,58.47,Autumn,3408.93,109.05,11.72,11.73,210.45,2023,4.45
Pighvar,fish,34.34,Autumn,3551.21,69.58,31.9,5.61,114.87,2022,3.35
Fjæsing,fish,308.21,Spring,4474.17,145.24,12.25,14.57,1357.59,2023,3.5
Hvilling,fish,124.52,Winter,1693.08,100.62,29.49,27.15,210.63,2022,2.55
Ising,fish,86.77,Spring,956.45,144.43,16.86,3.09,87.07,2024,4.42
Sild,fish,73.05,Summer,99.3,101.51,4.83,21.62,7.06,2020,3.92
Havtaske,fish,219.68,Spring,4564.59,122.29,22.05,6.77,944.0,2025,4.44
Mørksej,fish,35.32,Spring,4245.72,96.47,15.22,27.78,144.32,2023,1.71
Pighvar,fish,41.61,Spring,2375.96,39.34,25.87,16.1,97.27,2024,3.9
Canadisk_hummer,shellfish,279.86,All year,4368.47,61.69,29.45,8.81,1319.31,2020,3.55
Gedde,fish,273.3,Spring,1833.11,35.36,26.41,10.8,484.02,2021,3.98
Blåmusling,shellfish,166.68,Winter,3812.38,122.12,28.69,25.19,651.32,2020,3.58
Knurhane,fish,171.09,Winter,2676.92,132.59,40.55,3.05,461.94,2022,2.92
Smelt,fish,97.75,Autumn,3028.8,70.13,38.31,15.11,286.5,2022,2.38
Flodkrebs,shellfish,137.26,Autumn,522.19,52.34,6.58,26.8,71.76,2025,4.34
Aborre,fish,128.24,Winter,1254.63,136.74,14.86,11.82,169.59,2020,2.59
Jomfruhummer,shellfish,102.37,Spring,794.86,117.99,16.73,22.34,84.09,2023,1.58
Kuller,fish,239.52,Summer,2781.29,56.66,25.94,24.82,666.89,2025,2.45
Jomfruhummer,shellfish,103.41,Spring,815.92,110.97,16.16,22.11,81.54,2025,1.68
Levende_norsk_kongekrabbe,fish,180.23,Spring,180.29,19.36,29.46,23.15,31.67,2024,2.08
Dansk_10-armet_blæksprutte,fish,71.61,Summer,1240.63,80.76,19.63,26.58,83.42,2023,2.79
Kulmule,fish,96.58,Spring,4025.01,47.36,8.53,8.28,393.72,2020,3.42
Knude,fish,33.54,Winter,3241.54,79.78,24.64,17.34,104.33,2022,4.03
Ørred,fish,265.98,Summer,355.06,84.06,8.07,28.67,96.97,2022,3.95
Rødtunge,fish,100.29,Spring,3972.51,65.42,2.41,1.15,374.16,2022,3.58
Skærising,fish,61.31,Winter,5119.12,39.24,40.01,9.68,280.02,2021,4.77
Mørksej,fish,70.05,Spring,2532.9,84.27,18.93,27.31,170.65,2022,4.71
Multe,fish,255.05,Winter,1988.05,129.22,3.71,18.54,501.91,2025,3.48
Sandart,fish,244.56,Summer,302.87,21.55,5.82,17.8,67.65,2024,3.19
Hornfisk,fish,233.24,Spring,516.04,35.88,2.4,6.72,133.87,2024,4.2
Levende_norsk_kongekrabbe,fish,121.11,All year,4595.89,69.31,32.53,19.67,604.36,2024,5.1
Hvilling,fish,92.13,Winter,1949.38,113.16,18.85,25.38,179.32,2023,2.34
Fjordreje,shellfish,78.89,All year,2138.09,137.65,35.93,3.37,159.12,2020,3.93
Sild,fish,70.2,Summer,107.81,105.7,4.77,21.32,7.49,2023,3.82
Canadisk_hummer,shellfish,263.62,Autumn,3517.92,149.04,28.05,12.7,867.03,2020,2.4
Flodkrebs,shellfish,209.86,Spring,1788.88,117.58,37.2,19.48,358.09,2021,3.7
Rødspætte,fish,250.66,Summer,3230.06,17.11,31.44,26.67,768.75,2022,3.14
Havkat,fish,79.66,Summer,1553.37,85.43,22.41,21.2,117.78,2022,4.32
Hornfisk,fish,83.6,Spring,4316.21,141.89,9.0,24.62,329.28,2021,4.4
Gedde,fish,182.62,Winter,2373.06,115.31,21.35,19.15,430.44,2022,4.78
Hvilling,fish,120.47,Winter,1704.62,105.59,29.39,27.45,214.44,2021,2.55
Ising,fish,148.79,Autumn,2585.28,57.73,19.9,15.38,382.66,2022,2.61
Signalkrebs,shellfish,151.66,Autumn,3963.4,93.67,25.29,22.06,592.29,2020,2.49
Dansk_10-armet_blæksprutte,fish,140.89,Summer,4557.93,65.24,28.48,13.53,700.55,2022,1.82
Laks_vild,fish,43.45,Autumn,1413.44,66.06,3.54,14.19,57.73,2023,4.06
Blåmusling,shellfish,163.29,Winter,3726.44,117.02,29.0,26.04,623.58,2024,3.42
Mørksej,fish,71.66,Spring,2486.88,82.1,18.4,27.3,184.15,2025,4.58
Knurhane,fish,274.61,Summer,1081.61,80.67,19.63,6.5,279.43,2022,1.71
Ørred,fish,79.38,Spring,2788.55,12.93,34.72,3.76,227.58,2023,3.61
Skrubbe,fish,178.62,All year,219.22,25.23,24.76,8.46,40.02,2020,2.14
Helleflynder,fish,63.4,All year,3497.86,10.54,11.67,28.42,242.04,2025,1.57
Østers,fish,32.58,All year,1363.25,65.81,18.52,22.05,46.18,2020,2.98
Helt,fish,36.62,Summer,1024.28,123.92,27.47,22.74,37.17,2020,4.44
Kulmule,fish,110.81,Summer,4637.12,85.25,39.53,17.14,509.96,2023,3.9
Torsk,fish,144.58,Autumn,916.32,57.8,30.32,9.92,134.17,2024,2.05
Rødspætte,fish,256.16,Spring,3683.7,101.56,28.51,17.48,965.59,2024,2.84
Kulmule,fish,191.37,Winter,4164.92,147.0,20.65,18.12,819.19,2021,2.2
Multe,fish,139.23,Spring,295.51,37.96,14.57,18.01,44.72,2020,1.35
Smelt,fish,165.99,Autumn,4074.15,26.3,24.32,27.93,643.83,2024,2.71
Helleflynder,fish,79.54,Spring,216.06,65.03,16.98,2.56,16.66,2021,1.92
Sild,fish,131.72,Winter,438.24,130.17,7.2,29.46,57.47,2021,2.97
Laks_vild,fish,43.72,Autumn,1418.36,71.52,3.67,15.49,58.7,2023,3.91
Mørksej,fish,173.71,Autumn,3757.38,88.55,28.09,27.0,659.35,2020,4.73
Slethvar,fish,199.31,Winter,1225.48,86.22,8.15,15.98,241.37,2022,4.85
Smelt,fish,83.58,Autumn,2432.76,36.35,8.47,4.18,206.97,2024,4.83
Makrel,fish,211.66,All year,4554.93,59.61,23.25,21.77,951.13,2021,4.55
Sandart,fish,124.4,Spring,3136.88,45.09,22.68,3.89,396.21,2021,4.15
Lange,fish,210.04,Summer,3008.31,122.99,4.45,1.63,611.41,2022,2.48
Aborre,fish,270.71,Winter,1558.58,135.98,4.32,22.86,421.97,2021,1.47
Skærising,fish,60.26,Winter,4959.48,39.68,40.18,9.77,290.46,2021,4.75
Torsk,fish,192.61,All year,3718.25,68.67,11.95,18.32,737.61,2025,3.71
Havtaske,fish,102.66,Summer,1161.53,142.05,10.79,9.93,123.58,2020,2.65
Ørred,fish,205.38,Autumn,3213.24,43.86,36.43,25.78,603.18,2020,5.08
Lyssej,fish,205.39,Spring,4964.57,139.37,4.72,16.81,1067.74,2020,1.32
Skrubbe,fish,176.5,All year,2616.52,12.62,13.84,9.3,451.52,2020,1.82
Stenbider,fish,60.3,Autumn,3594.49,109.13,11.67,11.15,210.68,2021,4.83
Ørred,fish,274.19,Winter,3775.91,80.97,8.01,8.87,1046.72,2025,3.64
Kulmule,fish,119.09,Summer,4380.66,80.67,40.05,16.91,537.27,2020,3.98
Skærising,fish,97.47,Spring,4813.18,14.2,25.25,1.18,446.39,2025,4.31
Nordsøreje,shellfish,97.24,Spring,2479.25,97.52,27.21,10.21,218.95,2025,5.03
Havtaske,fish,102.97,Summer,1151.54,142.26,11.33,10.43,117.72,2020,2.86
Nordsøreje,shellfish,278.88,Winter,851.83,12.29,6.24,5.99,234.55,2020,4.88
Hornfisk,fish,231.08,Spring,565.06,35.51,2.47,6.61,132.13,2023,4.05
Canadisk_hummer,shellfish,238.81,Spring,2121.31,35.63,20.55,23.05,465.79,2023,1.39
Torsk,fish,192.46,All year,3687.61,68.38,10.87,19.52,729.19,2025,3.47
Sild,fish,126.25,Winter,427.8,133.66,7.77,29.63,55.15,2020,3.02
Lange,fish,175.17,Autumn,3046.58,47.82,4.54,26.65,536.5,2022,3.22
Hvilling,fish,271.1,Spring,3907.78,22.96,3.14,19.61,1052.92,2020,3.7
Hvilling,fish,119.45,Winter,1788.92,102.45,27.72,26.7,205.69,2025,2.65
Lange,fish,232.16,Autumn,897.51,96.64,11.57,20.89,220.89,2021,3.84
Helt,fish,96.96,Summer,1860.67,84.23,22.78,1.13,199.13,2022,2.16
Gedde,fish,202.06,Summer,4762.49,17.28,27.05,4.43,957.44,2023,1.84
Havkat,fish,80.9,Summer,1604.14,81.43,20.63,22.59,127.64,2025,4.38
Nordsøreje,shellfish,184.29,Spring,1618.88,62.34,19.1,9.36,292.58,2024,3.51
Multe,fish,213.55,Summer,2166.62,62.1,20.21,20.83,464.91,2024,2.83
Kuller,fish,185.74,Spring,3085.64,113.18,20.82,4.68,535.56,2021,1.78
Skærising,fish,273.18,Autumn,3636.84,87.73,23.61,15.92,1036.07,2023,5.12
Havtaske,fish,159.28,Spring,259.73,128.83,17.91,13.84,41.36,2023,1.57
Norske_kammusling_i_skal,shellfish,113.15,Spring,449.09,83.57,9.84,5.99,53.81,2021,2.55
Kulmule,fish,110.86,Summer,4344.45,80.89,37.49,17.08,494.14,2020,4.13
Ørred,fish,194.01,Autumn,2967.73,43.84,35.68,25.46,626.38,2024,5.06
Kuller,fish,173.93,Summer,2247.26,24.05,8.33,5.86,370.97,2023,2.52
Pighvar,fish,36.53,Autumn,3384.67,73.42,30.74,6.11,123.79,2024,3.31
Skærising,fish,285.98,Autumn,3712.07,85.11,24.17,16.62,990.23,2020,5.37
Skærising,fish,184.6,All year,1204.6,120.87,17.9,21.79,219.34,2020,4.6
Knurhane,fish,162.7,Winter,2690.33,125.6,39.44,3.1,456.5,2022,2.86
Line_blåmusling,shellfish,176.8,Summer,4020.96,98.84,13.41,27.52,710.86,2021,3.26
Canadisk_hummer,shellfish,70.81,Autumn,2362.2,71.26,6.88,22.78,167.4,2020,2.35
Multe,fish,135.11,All year,2976.48,57.67,14.28,1.14,401.68,2022,3.23
Hvilling,fish,268.2,Spring,3900.67,22.9,3.02,19.91,1062.12,2021,3.71
Torsk,fish,156.03,Autumn,950.47,57.06,29.55,10.0,134.41,2022,1.95
Slethvar,fish,121.73,Summer,359.43,12.71,31.4,2.4,44.76,2020,3.09
Lyssej,fish,200.64,Spring,5094.45,145.51,4.97,17.39,993.68,2020,1.35
Lange,fish,284.82,Winter,4261.55,65.63,35.36,24.78,1147.94,2021,4.0
Knude,fish,155.32,All year,3829.38,94.82,14.52,20.77,629.48,2020,4.61
Knurhane,fish,189.55,Spring,2872.69,75.21,11.23,24.78,563.85,2023,4.51
Line_blåmusling,shellfish,171.77,Summer,4221.95,104.89,12.49,27.14,681.65,2022,3.2
Laks_vild,fish,44.06,Autumn,1447.55,66.52,3.74,14.91,60.56,2024,3.73
Hornfisk,fish,254.96,Spring,606.53,110.55,33.86,21.16,175.86,2025,4.66
Makrel,fish,195.23,Spring,1765.13,127.34,22.77,26.36,344.84,2021,1.39
Ising,fish,152.05,Autumn,2498.27,58.19,19.25,15.08,356.18,2025,2.74
Lyssej,fish,211.54,Spring,4781.88,138.96,4.96,17.49,1032.83,2020,1.34
Hornfisk,fish,257.09,Spring,653.29,109.12,35.11,21.39,168.48,2022,4.88
Smelt,fish,100.4,Autumn,2959.65,65.76,39.8,15.63,301.3,2025,2.27
Laks_vild,fish,276.46,Autumn,4229.25,137.86,11.39,9.48,1165.4,2021,1.52
Rødspætte,fish,270.73,Autumn,2205.92,71.86,8.44,27.34,569.31,2020,2.14
Mørksej,fish,67.2,Spring,2511.75,85.77,18.83,27.98,185.17,2020,4.68
Rødspætte,fish,110.15,All year,463.58,66.17,34.58,21.58,49.08,2020,3.95
Østers,fish,294.24,Winter,4353.18,89.48,10.89,10.76,1240.42,2025,2.02
Fjæsing,fish,284.78,Spring,4507.15,145.95,12.66,13.48,1263.32,2021,3.59
Slethvar,fish,139.03,Summer,3190.68,66.79,22.82,18.3,425.16,2023,2.93
Kulmule,fish,37.72,All year,3400.44,95.14,39.52,14.87,122.04,2025,2.2
Ørred,fish,264.14,Summer,374.25,80.12,8.78,28.05,98.09,2024,4.12
Aborre,fish,126.75,Winter,1222.62,134.15,14.23,11.7,164.6,2020,2.77
Havkat,fish,231.01,Spring,3229.17,17.19,20.13,29.63,735.35,2022,1.38
Helleflynder,fish,89.22,All year,2955.14,108.18,28.53,8.03,268.5,2022,2.52
Knude,fish,239.83,Autumn,619.17,120.74,9.38,17.89,138.17,2022,3.2
Smelt,fish,201.41,Spring,1531.55,125.55,30.96,16.33,336.13,2020,4.89
Hornfisk,fish,275.25,Spring,637.29,106.14,34.07,20.72,170.37,2021,4.96
Slethvar,fish,122.19,Summer,340.0,12.97,30.3,2.53,43.28,2023,3.11
Rødtunge,fish,99.97,Spring,3985.55,69.46,2.43,1.15,373.57,2020,3.42
Knude,fish,171.13,Autumn,4948.52,48.35,12.49,5.22,877.4,2024,2.46
Helleflynder,fish,88.5,All year,2885.65,106.22,29.03,7.87,269.04,2020,2.67
Helt,fish,130.54,Autumn,215.79,153.72,35.67,19.09,29.02,2022,5.08
Ising,fish,100.04,Summer,633.48,44.4,9.13,13.17,59.42,2023,5.04
Ising,fish,146.23,Autumn,2509.84,58.25,19.91,14.82,364.42,2020,2.77
Nordsøreje,shellfish,90.35,Spring,2463.2,100.49,27.44,10.49,215.01,2023,4.96
Ørred,fish,217.48,Summer,2302.03,85.7,22.97,14.23,494.57,2020,2.56
Sort_hummer,shellfish,97.67,Winter,3199.79,43.53,9.1,15.7,340.52,2024,2.29
Torsk,fish,126.59,Summer,345.25,75.54,32.7,27.07,41.33,2024,4.62
Lange,fish,279.54,Winter,4072.14,66.51,38.0,26.54,1164.92,2025,3.97
Jomfruhummer,shellfish,168.77,All year,1924.65,22.7,7.67,29.89,300.0,2020,3.45
Sort_hummer,shellfish,68.69,Winter,1925.12,76.55,2.5,10.23,126.32,2024,3.84
Sild,fish,99.42,All year,2958.82,87.48,32.35,13.92,292.54,2021,2.82
Rødspætte,fish,107.73,All year,449.65,64.3,35.69,22.83,49.81,2021,3.77
Ising,fish,232.38,Summer,1064.8,108.27,4.09,3.32,246.29,2023,4.3
Gedde,fish,231.54,Winter,3772.37,136.77,13.9,29.63,910.97,2024,4.56
Multe,fish,205.03,All year,2049.56,16.98,30.26,14.91,405.23,2024,4.86
Levende_norsk_kongekrabbe,fish,289.71,All year,4412.18,34.4,11.21,24.14,1275.73,2024,3.8
Knurhane,fish,168.0,Winter,2741.02,131.14,38.63,3.06,442.63,2020,2.9
Lyssej,fish,61.12,Summer,423.48,77.91,19.23,14.36,28.04,2024,4.09
Lyssej,fish,82.1,Spring,2048.39,41.85,36.98,17.79,154.61,2021,3.41
Kulmule,fish,105.53,Winter,4827.11,68.85,13.1,18.83,507.13,2024,3.81
Knurhane,fish,287.84,Winter,2313.61,59.39,22.56,8.74,653.26,2020,3.59
Sandart,fish,122.36,Spring,3273.49,47.31,21.87,3.99,386.41,2025,4.29
Nordsøreje,shellfish,286.77,Winter,888.75,11.73,6.32,6.46,248.43,2023,4.95
Helleflynder,fish,256.99,All year,3619.92,112.95,39.28,28.46,937.15,2023,1.38
Knurhane,fish,291.12,Winter,2492.67,58.93,21.44,8.9,655.53,2023,3.46
Nordsøreje,shellfish,129.93,Autumn,3261.06,25.75,8.55,4.69,473.31,2024,2.6
Kuller,fish,181.85,Summer,2282.54,22.53,8.32,6.27,368.53,2021,2.51
Skærising,fish,56.75,Winter,5135.07,40.52,41.03,9.07,283.86,2022,4.76
Mørksej,fish,55.6,All year,2653.3,44.73,38.26,3.93,158.47,2025,4.44
Fjæsing,fish,151.81,Winter,1055.13,136.8,22.97,16.06,168.88,2024,3.22
Hvilling,fish,281.11,Spring,4043.44,21.87,3.01,21.17,1071.15,2024,3.65
Havkat,fish,199.23,All year,1054.36,85.44,30.51,18.38,212.77,2022,4.11
Knurhane,fish,157.77,Winter,2614.4,134.77,37.06,3.35,432.19,2021,2.75
Ising,fish,90.77,Summer,612.61,45.35,9.77,13.85,60.36,2024,5.1
Knurhane,fish,202.63,Spring,2688.04,76.01,10.71,23.28,523.51,2025,4.67
Knude,fish,33.2,Winter,3234.74,79.48,23.84,17.68,107.4,2023,3.99
Multe,fish,207.11,All year,2024.47,16.56,31.11,14.28,393.88,2021,4.69
Knurhane,fish,197.03,Spring,2687.66,75.48,10.77,24.75,550.36,2022,4.57
Knurhane,fish,265.3,Winter,2429.54,54.84,21.95,8.51,689.22,2020,3.44
Levende_norsk_kongekrabbe,fish,94.34,Autumn,3732.39,39.86,9.03,3.76,345.16,2023,1.84
Rødspætte,fish,149.3,Summer,2073.83,77.73,2.14,20.28,310.09,2025,5.05
Ørred,fish,79.56,Spring,2948.84,13.22,34.49,3.49,229.82,2022,3.55
Skærising,fish,191.73,All year,1126.13,128.11,17.39,20.18,210.51,2021,4.54
Skrubbe,fish,83.32,Summer,4856.05,13.32,23.9,4.79,417.78,2022,1.43
Sandart,fish,123.59,Spring,3267.33,45.41,21.84,3.91,402.84,2022,4.17
Rødtunge,fish,109.49,Winter,1107.24,130.14,22.07,12.97,131.3,2024,4.29
Slethvar,fish,121.19,Summer,2916.32,25.07,30.72,28.7,391.38,2020,4.12
Østers,fish,298.97,Winter,4254.02,90.0,11.53,10.51,1267.72,2024,2.11
Sild,fish,117.1,All year,405.12,28.91,20.3,12.04,43.09,2023,4.72
Canadisk_hummer,shellfish,301.72,All year,4336.95,60.71,30.86,8.37,1275.31,2023,3.44
Lyssej,fish,80.31,Spring,1981.6,43.89,35.88,17.62,153.58,2025,3.32
Knurhane,fish,286.8,Summer,1016.65,79.76,21.06,6.1,306.8,2021,1.68
Østers,fish,192.61,Spring,2104.49,140.22,34.28,16.68,398.74,2025,4.51
Signalkrebs,shellfish,223.2,Winter,2954.68,71.57,36.76,26.46,653.23,2020,2.06
Pighvar,fish,177.94,Spring,4403.99,54.03,10.07,25.19,751.45,2025,3.77
Kuller,fish,240.31,Autumn,4559.76,76.24,5.78,1.34,1113.36,2022,5.02
Knurhane,fish,199.54,Spring,2753.69,74.93,11.39,23.85,524.02,2022,4.67
Havtaske,fish,104.69,Summer,1094.87,140.55,10.37,9.82,125.59,2021,2.88
Makrel,fish,200.53,Spring,1703.35,117.27,22.97,27.33,338.91,2020,1.42
Sild,fish,69.0,Summer,98.72,101.08,4.94,22.82,7.01,2024,3.8
Fjordreje,shellfish,103.26,Autumn,3384.68,75.9,30.6,23.73,349.26,2025,4.54
Helleflynder,fish,137.11,Summer,4505.94,105.92,33.55,27.75,637.48,2023,3.57
Line_blåmusling,shellfish,72.48,Summer,3770.37,33.76,16.86,4.1,276.3,2024,1.98
Helleflynder,fish,129.82,Summer,4582.24,99.7,34.71,28.51,616.77,2024,3.45
Sort_hummer,shellfish,71.28,Winter,1979.68,75.92,2.58,10.62,125.55,2022,3.87
Kuller,fish,238.19,Autumn,4715.72,82.51,5.89,1.3,1185.59,2025,5.14
Blåmusling,shellfish,74.88,All year,1175.08,140.2,32.73,21.22,80.78,2023,2.68
Rødspætte,fish,269.54,Spring,3635.14,102.22,29.36,17.97,910.21,2024,2.78
Laks_vild,fish,189.89,Spring,3616.39,16.94,6.72,9.2,635.61,2024,2.15
Helleflynder,fish,248.38,All year,3897.46,107.55,37.07,28.44,959.25,2025,1.49
Laks_vild,fish,266.7,Autumn,4133.24,137.88,11.52,9.64,1158.81,2024,1.58
Levende_norsk_kongekrabbe,fish,117.91,All year,4762.23,70.15,35.5,20.84,577.11,2020,5.32
Rødspætte,fish,248.13,Summer,3343.09,17.13,31.81,24.45,772.97,2020,3.2
Hvilling,fish,151.15,Autumn,2941.92,35.12,17.23,9.7,450.96,2023,3.93
Sandart,fish,212.54,Summer,3048.9,27.37,8.49,11.24,660.58,2023,1.5
Nordsøreje,shellfish,95.2,Spring,2413.55,97.48,27.22,10.05,213.41,2020,5.17
Hornfisk,fish,70.55,Summer,3052.53,94.92,22.08,24.97,212.16,2025,4.23
Smelt,fish,82.45,Autumn,2502.35,34.83,8.5,4.13,215.27,2021,4.84
Slethvar,fish,205.48,Winter,1297.52,84.05,8.31,15.36,242.76,2025,4.74
Kuller,fish,174.47,Summer,2277.54,23.79,8.38,6.3,403.46,2021,2.51
Ørred,fish,208.14,Summer,2471.82,81.03,23.87,14.41,531.46,2022,2.56
Skrubbe,fish,90.05,Summer,5078.95,14.0,23.68,4.55,411.95,2024,1.45
Line_blåmusling,shellfish,71.23,Summer,3644.4,34.48,18.02,4.3,288.05,2022,2.1
Line_blåmusling,shellfish,96.22,Autumn,5008.67,47.73,5.4,8.03,471.27,2023,2.25
Lyssej,fish,111.92,Spring,3205.52,118.21,38.08,3.45,367.07,2021,4.74
Sandart,fish,194.28,Summer,3322.45,25.66,8.88,11.69,621.92,2023,1.46
Flodkrebs,shellfish,203.38,Spring,1814.84,116.81,35.9,19.22,363.06,2025,3.94
Sandart,fish,122.21,Spring,3291.99,45.98,21.34,3.87,391.69,2024,4.02
Lange,fish,202.09,Summer,2835.66,128.47,4.38,1.54,587.19,2024,2.42
Kuller,fish,190.73,Spring,2899.37,112.23,19.34,4.83,532.9,2024,1.62
Multe,fish,272.44,Winter,1918.41,136.55,3.9,17.64,518.93,2025,3.53
Rødtunge,fish,263.96,Winter,1760.39,130.88,2.85,6.92,471.74,2024,4.03
Skærising,fish,156.74,Autumn,2719.84,58.62,35.43,24.25,414.71,2022,3.35
Østers,fish,198.23,Spring,2025.68,130.72,34.31,17.17,415.56,2025,4.87
Skærising,fish,268.17,Autumn,3466.48,79.85,22.76,17.02,977.03,2021,5.38
Havkat,fish,217.01,Spring,3243.87,16.29,19.57,28.77,743.36,2024,1.46
Levende_norsk_kongekrabbe,fish,285.63,All year,4478.34,34.47,10.85,24.22,1252.21,2021,3.63
Ising,fish,69.71,Spring,4581.75,26.94,23.57,9.63,349.66,2024,2.26
Knurhane,fish,277.62,Winter,2153.78,132.05,21.32,25.12,614.78,2021,3.86
Skærising,fish,189.73,All year,1209.67,130.74,18.56,20.45,207.63,2020,4.67
Multe,fish,135.9,All year,2914.15,53.7,14.31,1.16,409.62,2020,3.41
Pighvar,fish,40.5,Spring,2519.4,39.86,27.77,15.61,101.68,2022,3.91
Makrel,fish,114.29,Summer,1324.31,50.26,4.7,19.41,147.56,2025,2.56
Hvilling,fish,270.23,Spring,3955.6,22.28,3.18,21.45,1049.53,2022,4.0
Slethvar,fish,122.79,Summer,345.64,13.1,31.1,2.4,43.3,2022,3.27
Ørred,fish,267.66,Winter,3950.21,80.38,7.99,8.84,1063.03,2024,3.38
Sort_hummer,shellfish,96.74,Winter,3231.34,41.82,9.38,15.04,318.58,2023,2.27
Pighvar,fish,207.79,All year,1749.72,64.44,31.14,24.07,351.45,2020,3.2
Norske_kammusling_i_skal,shellfish,164.12,Winter,3626.96,23.7,12.57,19.45,574.33,2025,2.58
Gedde,fish,191.79,Summer,4845.75,17.78,27.04,4.37,931.45,2020,1.89
Helt,fish,36.6,Summer,1073.1,117.4,27.47,22.06,37.63,2025,4.44
Rødspætte,fish,152.79,Summer,2063.08,76.7,2.18,21.44,297.14,2023,4.93
Blåmusling,shellfish,204.68,Spring,2487.65,56.22,23.98,19.75,496.38,2021,1.45
Levende_norsk_kongekrabbe,fish,120.33,All year,4672.8,73.08,34.95,20.66,598.98,2021,4.99
Levende_norsk_kongekrabbe,fish,182.67,Spring,179.82,18.26,30.77,23.65,31.64,2021,2.19
Skærising,fish,57.51,Winter,5142.4,39.77,38.43,8.96,296.36,2020,4.9
Slethvar,fish,132.02,Summer,3158.25,24.61,30.92,28.17,385.59,2021,4.1
Blåmusling,shellfish,195.4,Spring,2416.18,54.03,24.71,18.54,513.39,2022,1.56
Hornfisk,fish,83.53,Spring,4177.83,140.58,9.25,24.74,352.84,2020,4.5
Multe,fish,144.42,Spring,287.77,40.61,13.77,18.57,42.11,2022,1.37
Hornfisk,fish,69.0,Summer,2977.3,89.35,21.62,24.38,204.35,2023,4.39
Havkat,fish,211.95,Spring,639.38,35.04,20.08,21.05,135.51,2020,3.86
Dansk_10-armet_blæksprutte,fish,176.49,Spring,2712.88,97.61,36.87,28.4,497.03,2024,3.17
Kulmule,fish,98.45,Winter,4776.65,63.21,13.45,18.3,517.54,2025,4.04
Helt,fish,35.67,Summer,1022.22,120.17,26.52,22.68,36.46,2025,4.77
Canadisk_hummer,shellfish,69.88,Autumn,2332.09,71.27,7.12,22.58,164.5,2025,2.43
Smelt,fish,85.24,Autumn,2557.38,36.87,8.94,4.29,198.25,2023,4.91
Skrubbe,fish,180.03,All year,218.71,24.28,24.45,8.16,42.9,2023,2.2
Nordsøreje,shellfish,175.2,Spring,1497.09,63.42,18.83,9.48,273.71,2021,3.66
Østers,fish,289.27,Winter,4502.72,91.75,11.45,10.69,1251.4,2022,1.93
Lange,fish,183.62,Autumn,2939.51,48.99,4.56,26.89,523.74,2022,3.17
Flodkrebs,shellfish,213.09,Spring,1797.03,117.81,36.61,18.71,387.71,2020,3.77
Knurhane,fish,273.45,Winter,2417.78,56.63,21.58,8.99,636.72,2021,3.63
Flodkrebs,shellfish,207.1,Spring,1823.82,114.98,35.01,19.08,374.12,2024,3.7
Slethvar,fish,209.99,Winter,1274.95,82.11,8.7,15.54,252.65,2023,4.64
Mørksej,fish,181.86,Autumn,3587.02,89.98,28.95,25.16,667.78,2022,4.4
Stenbider,fish,156.19,Winter,1469.84,138.41,9.78,19.5,223.8,2025,4.52
Jomfruhummer,shellfish,239.78,All year,4751.4,121.6,39.84,15.1,1199.76,2024,2.17
Jomfruhummer,shellfish,238.57,Summer,719.5,32.24,14.14,7.71,163.25,2023,3.24
Pighvar,fish,167.82,Spring,4213.25,55.45,10.04,25.36,766.73,2020,3.81
Levende_norsk_kongekrabbe,fish,128.44,All year,4702.69,66.6,34.17,19.19,584.02,2023,5.34
Knude,fish,133.38,Summer,1697.95,141.76,4.68,13.48,214.19,2024,1.42
Torsk,fish,222.04,Winter,4113.95,133.66,3.87,5.98,953.88,2022,2.49
Aborre,fish,129.25,Winter,1327.54,133.61,13.92,11.44,164.36,2020,2.77
Nordsøreje,shellfish,284.34,Winter,813.76,12.06,6.16,6.02,248.0,2022,4.77
Hornfisk,fish,79.14,Spring,4275.02,150.87,9.12,25.88,333.2,2020,4.46
Norske_kammusling_i_skal,shellfish,107.17,Spring,463.39,78.54,9.3,5.99,50.71,2021,2.6
Havtaske,fish,166.72,Spring,2455.45,150.72,13.15,24.81,404.05,2022,2.94
Havtaske,fish,107.98,Summer,1118.4,136.98,10.72,10.14,117.74,2023,2.81
Rødspætte,fish,272.67,Spring,3583.65,102.88,29.06,17.74,958.5,2024,2.82
Fjordreje,shellfish,72.22,All year,2119.08,137.38,35.67,3.36,163.29,2025,3.86
Makrel,fish,212.18,All year,4850.09,59.8,22.31,22.79,974.64,2024,4.19
Torsk,fish,151.07,Autumn,876.68,59.33,28.95,10.44,133.33,2022,2.1
Kuller,fish,251.37,Summer,2699.86,57.44,24.8,24.79,699.51,2020,2.33
Hvilling,fish,148.64,Autumn,3082.97,37.39,16.95,9.83,447.21,2020,3.95
Smelt,fish,147.84,Winter,4425.95,12.81,18.78,20.35,703.19,2022,4.45
Skærising,fish,152.23,Autumn,2791.77,55.17,34.68,24.01,416.06,2020,3.65
Knude,fish,160.23,All year,3928.42,93.31,14.8,20.29,614.61,2021,4.79
Canadisk_hummer,shellfish,243.64,Autumn,3434.31,144.18,28.03,12.19,910.53,2024,2.42
Ising,fish,255.11,Summer,1012.41,113.22,3.94,3.3,251.65,2022,4.36
Sort_hummer,shellfish,186.52,Spring,4503.23,109.49,5.34,19.93,844.93,2024,1.36
Mørksej,fish,35.77,Spring,4020.68,104.6,15.56,28.85,138.32,2022,1.79
Østers,fish,31.86,All year,1367.29,60.82,19.69,21.09,45.43,2021,2.95
Fjordreje,shellfish,107.35,Autumn,3382.66,74.53,31.2,23.81,373.19,2020,4.23
Torsk,fish,224.15,Winter,4020.49,136.24,3.68,5.69,933.97,2023,2.36
Skærising,fish,280.1,Autumn,3642.76,88.09,22.16,17.21,1040.75,2023,5.24
Multe,fish,147.72,Spring,299.93,39.0,13.9,18.42,44.13,2022,1.4
Flodkrebs,shellfish,150.61,Autumn,500.46,52.91,6.61,28.39,76.11,2021,4.34
Laks_vild,fish,278.12,Autumn,4394.25,141.96,11.78,9.64,1147.97,2022,1.54
Stenbider,fish,161.99,Winter,1461.59,130.51,9.42,19.69,223.94,2021,4.26
Rødtunge,fish,261.79,All year,3840.14,131.5,6.64,23.03,1080.66,2021,3.23
Kuller,fish,182.69,Summer,2282.89,23.9,8.65,5.79,384.5,2020,2.34
Dansk_10-armet_blæksprutte,fish,165.99,Spring,2792.01,99.17,35.33,28.29,487.76,2020,3.36
Knurhane,fish,283.12,Winter,2106.23,128.26,19.87,24.45,587.01,2021,3.69
Kulmule,fish,196.41,Winter,4031.56,143.26,19.99,18.28,748.84,2020,2.08
Skrubbe,fish,75.09,Summer,4798.26,90.56,21.63,13.32,377.5,2024,4.0
Lange,fish,209.22,Summer,2830.3,133.11,4.37,1.67,584.53,2023,2.54
Knurhane,fish,172.64,Winter,2719.24,128.95,38.38,3.19,449.64,2023,2.87
Hornfisk,fish,256.94,Spring,658.21,112.7,34.88,21.17,172.65,2024,4.7
Flodkrebs,shellfish,286.75,Winter,4156.85,35.04,35.98,4.18,1211.51,2022,4.94
Kuller,fish,179.78,Spring,3122.2,107.14,20.32,5.1,584.33,2023,1.69
Torsk,fish,196.13,All year,3897.06,70.18,11.35,19.81,741.29,2025,3.44
Sandart,fish,123.1,Spring,3055.69,44.97,21.08,3.99,374.27,2022,4.11
Lyssej,fish,79.1,Spring,2018.08,42.0,36.43,16.82,153.17,2025,3.24
Multe,fish,193.71,All year,2055.03,16.29,31.61,14.41,381.55,2022,4.87
Slethvar,fish,202.59,Winter,1243.61,83.39,8.43,15.7,261.01,2025,4.76
Rødtunge,fish,120.3,Autumn,1844.76,74.32,3.78,24.52,205.17,2024,3.96
Stenbider,fish,59.73,Autumn,3401.7,111.71,11.06,12.06,211.06,2025,4.77
Helleflynder,fish,86.3,All year,2925.02,104.93,28.64,8.22,248.11,2022,2.51
Canadisk_hummer,shellfish,233.91,Spring,1975.73,35.66,20.65,22.08,505.68,2022,1.35
Fjæsing,fish,311.85,Spring,4476.74,151.67,12.29,14.61,1376.32,2024,3.67
Kuller,fish,183.66,Summer,2225.86,23.33,8.56,6.21,368.79,2023,2.43
Canadisk_hummer,shellfish,288.44,All year,4317.56,59.13,31.84,8.02,1325.44,2025,3.44
Kuller,fish,251.56,Autumn,4687.39,82.69,5.74,1.31,1100.8,2025,5.31
Canadisk_hummer,shellfish,254.01,Spring,2119.46,35.01,21.17,23.31,482.3,2023,1.27
Mørksej,fish,181.6,Autumn,3700.18,85.78,29.84,27.21,631.95,2020,4.73
Torsk,fish,130.27,Summer,347.76,74.78,32.56,27.21,45.09,2024,4.75
Skærising,fish,57.32,Winter,4869.04,38.59,39.95,9.27,296.19,2021,4.55
Rødtunge,fish,280.62,All year,3668.51,128.94,6.47,22.75,1018.73,2020,3.37
Line_blåmusling,shellfish,70.6,Summer,3909.52,35.11,17.64,4.25,268.47,2021,2.08
Nordsøreje,shellfish,134.75,Autumn,3476.87,25.25,8.42,4.33,473.73,2022,2.77
Knude,fish,130.75,Summer,1667.99,145.08,4.51,13.26,220.25,2024,1.33
Helt,fish,83.63,Summer,1305.94,40.09,36.24,8.93,109.94,2024,2.77
Sandart,fish,243.19,Summer,275.17,22.36,5.87,17.35,68.14,2024,3.39
Lyssej,fish,207.11,Spring,4949.81,149.76,4.71,17.43,1014.86,2023,1.36
Knude,fish,124.65,Summer,1616.47,137.61,4.77,13.24,213.08,2025,1.41
Skrubbe,fish,184.56,All year,217.8,24.8,24.74,8.09,43.0,2025,2.15
Makrel,fish,166.68,Summer,457.61,23.02,34.91,14.26,81.4,2022,2.82
Mørksej,fish,55.3,All year,2782.44,43.91,38.99,3.89,158.16,2020,4.45
Lange,fish,177.0,Autumn,2943.29,45.5,4.42,26.86,556.75,2021,3.26
Torsk,fish,287.14,Winter,4626.09,151.76,40.41,11.11,1232.1,2020,3.73
Smelt,fish,154.7,Autumn,4148.19,25.97,24.08,27.81,643.38,2022,2.75
Lyssej,fish,97.98,Spring,3311.51,141.42,5.85,8.14,315.27,2024,2.32
Slethvar,fish,136.12,Summer,3389.68,67.27,23.42,18.47,444.79,2022,2.8
Havtaske,fish,158.41,Spring,248.13,133.32,18.15,14.29,42.47,2022,1.57
Rødspætte,fish,234.51,Summer,3441.82,16.63,32.85,25.73,826.85,2024,3.16
Gedde,fish,246.21,Summer,1956.8,74.38,29.51,25.75,438.38,2025,3.04
Sandart,fish,104.58,Autumn,3103.87,52.56,5.32,12.14,328.01,2024,3.78
Lyssej,fish,62.08,Summer,457.44,77.73,19.1,15.03,27.13,2024,4.24
Knurhane,fish,170.23,Winter,2748.25,134.1,40.17,3.18,475.17,2023,2.7
Sort_hummer,shellfish,101.21,Winter,3176.9,40.51,8.91,15.19,320.89,2021,2.3
Dansk_10-armet_blæksprutte,fish,173.71,Spring,2709.02,96.33,36.54,30.2,499.31,2020,3.31
Helt,fish,126.72,Autumn,224.91,156.22,33.31,20.37,27.12,2025,4.87
Lyssej,fish,205.1,Spring,4904.71,144.91,4.65,17.15,970.22,2024,1.35
Lange,fish,195.96,Summer,2879.14,124.29,4.7,1.67,570.11,2020,2.56
Hvilling,fish,120.59,Autumn,2062.53,11.69,4.8,23.88,262.37,2022,2.5
Fjæsing,fish,227.9,Summer,496.48,102.24,31.74,9.22,116.25,2022,4.42
Sort_hummer,shellfish,68.36,Winter,1819.0,79.63,2.65,10.62,133.92,2023,4.05
Ørred,fish,83.4,Spring,2888.97,12.8,34.93,3.72,232.89,2024,3.7
Fjæsing,fish,304.81,Spring,4505.29,144.17,12.27,13.69,1309.31,2024,3.53